id;origId;from;to;tdef_data;train_type;depTimeSpec;arrTimeSpec;travTimeSpec;waitTimeSpec;turnTimeSpec;engineSpec;active;passive;slotOrder;depOrig;arrOrig
1;93;TNK;KV;YYYYYYYYYYYYYYYYYYYYYYYYYYYYYYYYYYYYYYYYYYYYYYYYYYYYYYYYYYYYYYYYYYYYYYYYYYYYYYYYYYYYYYYYYYYYYYYYYYYYYYYYYYYYYYYYYYYYYYYYYYYYYYYYYYYYYYYYYYYYYYYYYYYYYYYYYYYYYYYYYYYYYYYYYYYYYYYYYYYYYYYYYYYYYYYYYYYYYYYYYYYYYYYYYYYYYYYYYYYYYYYYYYYYYYYYYYYYYYYYYYYYYYYYYYYYYYYYYYYYYYYYYYYYYYYYYYYYYYYYYYYYYYYYYYYYYYYYYYYYYYYYYYYYYYYYYYYYYYYYYYYYYYYYYYYYYYYYYYYYYYYYYYYYYYYYYYYYYYYYYYYY;PR600816;53946;55556;1610;0;_1530;_1530;_1530;_1530;[5888,5889,5890,5891,5892,5893,5894,5895,5896,5897,5898,5899];53946;55556
2;94;KV;TNK;YYYYYYYYYYYYYYYYYYYYYYYYYYYYYYYYYYYYYYYYYYYYYYYYYYYYYYYYYYYYYYYYYYYYYYYYYYYYYYYYYYYYYYYYYYYYYYYYYYYYYYYYYYYYYYYYYYYYYYYYYYYYYYYYYYYYYYYYYYYYYYYYYYYYYYYYYYYYYYYYYYYYYYYYYYYYYYYYYYYYYYYYYYYYYYYYYYYYYYYYYYYYYYYYYYYYYYYYYYYYYYYYYYYYYYYYNNNNNNNNNNNNNNNNNNNNNNNNNNNNNNNNNNNNNNNNNNNNNNNNNNNNNNNNNNNNNNNNNNNNNNNYYYYYYYYYYYYYYYYYYYYYYYYYYYYYYYYYYYYYYYYYYYYYYYYYYYYYYYYYYYYY;PR6A0816;128056;129625;1569;0;_1530;_1530;_1530;_1530;[6468,6469,6470,6471,6472,6473,6474,6475,6476,6477,6478,6479];128056;129625
3;95;TNK;KV;YYYYYYYYYYYYYYYYYYYYYYYYYYYYYYYYYYYYYYYYYYYYYYYYYYYYYYYYYYYYYYYYYYYYYYYYYYYYYYYYYYYYYYYYYYYYYYYYYYYYYYYYYYYYYYYYYYYYYYYYYYYYYYYYYYYYYYYYYYYYYYYYYYYYYYYYYYYYYYYYYYNNNNNYNNNNNNYNNNNNNYNNNNNNYNNNNNNYNNNNNNYNNNNNNYNNNNNNYNNNNNNYNNNNNNYNNNNNNYNNNNNNYNYYYYYYYYYYYYYYYYYYYYYYYYYYYYYYYYYYYYYYYYYYYYYYYYYYYYYYYYYYYYYYYYYYYYYYYYYYYYYYYYYYYYYYYYYYYYYYYYYYYYYYYYYYYYYYYYYYYYYY;PR600416;47101;48600;1499;0;_1530;_1530;_1530;_1530;[6550,6551,6552,6553,6554,6555,6556,6557,6558,6559,6560,6561];47101;48600
4;96;KV;TNK;YYYYYYYYYYYYYYYYYYYYYYYYYYYYYYYYYYYYYYYYYYYYYYYYYYYYYYYYYYYYYYYYYYYYYYYYYYYYYYYYYYYYYYYYYYYYYYYYYYYYYYYYYYYYYYYYYYYYYYYYYYYYYYYYYYYYYYYYYYYYYYYYYYYYYYYYYYYYYYYYYYYYYYYYYYYYYYYYYYYYYYYYYYYYYYYYYYYYYYYYYYYYYYYYYYYYYYYYYYYYYYYYYYYYYYYYYYYYYYYYYYYYYYYYYYYYYYYYYYYYYYYYYYYYYYYYYYYYYYYYYYYYYYYYYYYYYYYYYYYYYYYYYYYYYYYYYYYYYYYYYYYYYYYYYYYYYYYYYYYYYYYYYYYYYYYYYYYYYYYYYYYY;PR600416;55560;57029;1469;240;_1530;_1530;_1530;_1530;[6696,6697,6698,6699,6700,6701,6702,6703,6704,6705,6706,6707];55560;57029
5;4002;KV;TNK;NNNNNNNNNNNNNNNNNNNNNNNNNNNNNNNNNNNNNNNNNNNNNNNNNNNNNNNNNNNNNNNNNNNNNNNNNNNNNNNNNNNNNNNNNNNNNNNNNNNNNNNNNNNNNNNNNNNNNNNNNNNNNNNNNNNNNNNNNNNNNNNNNNNNNNNNNNNNNNNNNNNNNNNNNNNNNNYNNNNNNNNNNNNNNNNNNNNNNNNNNNNNNNNNNNNNNNNNNNNNNNNNNNNNNNNNNNNNNNNNNNNNNNNNNNNNNNNNNNNNNNNNNNNNNNNNNNNNNNNNNNNNNNNNNNNNNNNNNNNNNNNNNNNNNNNNNNNNNNNNNNNNNNNNNNNNNNNNNNNNNNNNNNNNNNNNNNNNNNNNNNNN;GR400910;164453;166095;1642;0;_1530;_1530;_1530;_1530;[103387,103388,103389,103390,103391,103392,103393,103394,103395,103396,103397,103398];164453;166095
6;4002;KV;TNK;NYYYYNNNYNNNNNNYNNNYNNYNYYNNNYYYYNNNYYYYNNNYYYYNNNYYYYNNNYYYYNNNYYYYNNNYYYYNNNYYYYNNNYYYYNNNYYYYNNNYYYYNNNYYYNNNNNYYYNNNYYYYNNNYYYYNNNYYYNNNNYYYYNNNYYYNNNNYYYYNNNYYYYNNNYYYNNNNYYYYNNNYYYNNNNYYYYNNNYYYYNNNYYYYNNNYYYYNNNYYYYNNNYYYYNNNYYYYNNNYYYYNNNYYYYNNNYYYYNNNYYYYNNNYYYYNNNYYYYNNNYYYYNNNYYYYNNNYYYYNNNYYYYNNNYYYYNNNYYYYNNNYYYYNNNYYYYNNNYYYYNNNYYYYNNNYYYYNNNYYYYNN;GR400910;164423;166095;1672;0;_1530;_1530;_1530;_1530;[103745,103746,103747,103748,103749,103750,103751,103752,103753,103754,103755,103756];164423;166095
7;4002;KV;TNK;NNNNNNYNNNYNNYNNNYNNYNNNNNNYNNNNNNYNNNNNNYNNNNNNYNNNNNNYNNNNNNYNNNNNNYNNNNNNYNNNNNNYNNNNNNYNNNNNNYNNNNNNYNNNNNYYNNNNNNYNNNNNNYNNNNNNYNNNNNNYNNNNNNYNNNNNNYNNNNNNYNNNNNNYNNNNNNNNNNNNNYNNNNNYNNNNNNNYNNNNNNYNNNNNNYNNNNNNYNNNNNNYNNNNNNYNNNNNNYNNNNNNNNNNNNNNNNNNNNNNNNNNNNNNNNNNNNNNNNNNNNNNNNNNNNNNNNNNNNNNNNNNNNNNNNNNNNNNNNNNNNNNNNNNNNNNNNNNNNNNNNNNNNNNNNNNNNNNNNNNNNNN;GR400910;154553;156208;1655;0;_1530;_1530;_1530;_1530;[104101,104102,104103,104104,104105,104106,104107,104108,104109,104110,104111,104112];154553;156208
8;4002;KV;TNK;NNNNNNNNNNNNNNNNNNNNNNNNNNNNNNNNNNNNNNNNNNNNNNNNNNNNNNNNNNNNNNNNNNNNNNNNNNNNNNNNNNNNNNNNNNNNNNNNNNNNNNNNNNNNNNNNNNNNNNNNNNNNNNNNNNNNNNNNNNNNNNNNNNNNNNNNNNNNNNNNNNNNNNYNNNNNNNNNNNNNYNNNNNNNNNNNNNYNNNNNNYNNNNNNYNNNNNNYNNNNNNYNNNNNNYNNNNNNYNNNNNNYNNNNNNNNNNNNNNNNNNNNNNNNNNNNNNNNNNNNNNNNNNNNNNNNNNNNNNNNNNNNNNNNNNNNNNNNNNNNNNNNNNNNNNNNNNNNNNNNNNNNNNNNNNNNNNNNNNNNNNNN;GR400910;168923;170655;1732;0;_1530;_1530;_1530;_1530;[104459,104460,104461,104462,104463,104464,104465,104466,104467,104468,104469,104470];168923;170655
9;4002;KV;TNK;NNNNNNNNNNNNNNNNNNNNNNNNNNNNNNNNNNNNNNNNNNNNNNNNNNNNNNNNNNNNNNNNNNNNNNNNNNNNNNNNNNNNNNNNNNNNNNNNNNNNNNNNNNNNNNNNNNNNNNNNNNNNNNNNNNNNNNNNNNNNNNNNNNNNNNNNNNNNNNNNNNNNNNNNNNNNNNNNNNNNNNNNNNNNNNNNNNNNNNNNNNNNNNNNNNNNNNNNNNNNNNNNNNNNNNNNNNNNNNNNNNNNNNNNNNNNNNNNNNNNNNNNNNNNNNNNNNNNNNNNNNNNNNNNNNNNNNNNNNNNNNNNNNNNNNNNNNYNNNNNNNNNNNNNNNNNNNNNNNNNNNNNNNNNNNNNNNNNNNNNNNNN;GR400910;164453;166095;1642;0;_1530;_1530;_1530;_1530;[104843,104844,104845,104846,104847,104848,104849,104850,104851,104852,104853,104854];164453;166095
10;4002;KV;TNK;NNNNNNNNNNNNNNNNNNNNNNNNNNNNNNNNNNNNNNNNNNNNNNNNNNNNNNNNNNNNNNNNNNNNNNNNNNNNNNNNNNNNNNNNNNNNNNNNNNNNNNNNNNNNNNNNNNNNNNNNNNNNNNNNNNNNNNNNNNNNNNNNNNNNNNNNNNNNNNNNNNNNNNNNNNNNNNNNNNNNNNNNNNNNNNNNNNNNNNNNNNNNNNNNNNNNNNNNNNNNNNNNNNNNNNNNNNNNNNNNNNNNNNNNNNNNNNNNNNNNNNNNNNNNNNNNNNNNNNNNNNNNNNNNNNNNNNNNNNNNNNNNNNNNNNNNNYNNNNNNNNNNNNNNNNNNNNNNNNNNNNNNNNNNNNNNNNNNNNNNNNNN;GR400910;184613;186315;1702;0;_1530;_1530;_1530;_1530;[105227,105228,105229,105230,105231,105232,105233,105234,105235,105236,105237,105238];184613;186315
11;4002;KV;TNK;NNNNNYNNNYNNNNNNYNNNNNNNNNYNNNNNNYNNNNNNYNNNNNNYNNNNNNYNNNNNNYNNNNNNYNNNNNNYNNNNNNYNNNNNNYNNNNNNYNNNNNNYNNNNNYNNNNNNNYNNNNNNYNNNNNNYNNNNNYNNNNNNNYNNNNNNYNNNNNNYNNNNNNNNNNNNNNNNNNNNNNNNNNYNNNNNNNNNNNNNNNNNNNNNNNNNNNNNNNNNNNNNNNNNNNNNNNNNNNNNNNNNNNNNNNYNNNNNNYNNNNNNYNNNNNNYNNNNNNYNNNNNNYNNNNNNYNNNNNNYNNNNNNYNNNNNNNNNNNNNYNNNNNNYNNNNNNYNNNNNNYNNNNNNYNNNNNNYNNNNNNYN;GR400910;168923;170655;1732;0;_1530;_1530;_1530;_1530;[105585,105586,105587,105588,105589,105590,105591,105592,105593,105594,105595,105596];168923;170655
12;4002;KV;TNK;NNNNNNNNNNNNNNNNNNNNNNNNNNNNNNNNNNNNNNNNNNNNNNNNNNNNNNNNNNNNNNNNNNNNNNNNNNNNNNNNNNNNNNNNNNNNNNNNNNNNNNNNNNNNNNNNNNNNNNNNNNNNNNNNNNNNNNNNNNNNNNNNNNNNNNNNNNNNNNNNNNNNNNNNNNNNNNNNNNNNNNNNNNNNNNNNNNNNNNNNNNNNNNNNNNNNNNNNNNNNNNNNNNNNNNNNNNNNNNNNNNNNYNNNNNNYNNNNNNYNNNNNNYNNNNNNYNNNNNNYNNNNNNYNNNNNNYNNNNNNYNNNNNNYNNNNNNNNNNNNNYNNNNNNYNNNNNNYNNNNNNYNNNNNNYNNNNNNYNNNNNNY;GR400910;154553;156208;1655;0;_1530;_1530;_1530;_1530;[105941,105942,105943,105944,105945,105946,105947,105948,105949,105950,105951,105952];154553;156208
13;4002;KV;TNK;NNNNNNNNNNNNNNNNNNNNNNNNNNNNNNNNNNNNNNNNNNNNNNNNNNNNNNNNNNNNNNNNNNNNNNNNNNNNNNNNNNNNNNNNNNNNNNNNNNNNNNNNNNNNNNNNNNNNNNNNNNNNNNNNNNNNNNNNNNNNNNNNNNNNNNNNNNNNNNNNNNNNNNNNNNNNNYNNNNNNNNNNNNNNNNNNNNNNNNNNNNNNNNNNNNNNNNNNNNNNNNNNNNNNNNNNNNNNNNNNNNNNNNNNNNNNNNNNNNNNNNNNNNNNNNNNNNNNNNNNNNNNNNNNNNNNNNNNNNNNNNNNNNNNNNNNNNNNNNNNNNNNNNNNNNNNNNNNNNNNNNNNNNNNNNNNNNNNNNNNNNNN;GR400910;184613;189234;4621;0;_1530;_1530;_1530;_1530;[106325,106326,106327,106328,106329,106330,106331,106332,106333,106334,106335,106336];184613;189234
14;4005;TNK;KV;NYYNNNYNYNYNNYNYNYNYYNYNYNNYNYYNNNYNYYNNNYNYYNNNYNYYNNNYNYYNNNYNYYNNNYNYYNNNYNYYNNNYNYYNNNYNYYNNNYNYYNNNYNYYNNNNNNYNNNYNYYNNNYNYYNNNYNYYNNNYNYYNNNYNYYNNNYNYYNNNYNYYNNNYNYYNNNNNYYNNNYNYYNNYNNYYNNNYNYYNNNYNYYNNNYNYYNNNYNYYNNNYNYYNNNYNYYNNNYNYYNNNYNYYNNNYNYYNNNYNYYNNNYNYYNNNYNYYNNNYNYYNNNYNYYNNNYNYYNNNYNYYNNNYNYYNNNNNYYNNNYNYYNNNYNYYNNNYNYYNNNYNYYNNNYNYYNNNYNYYNNNY;GR400910;8574;11206;2632;0;_1530;_1530;_1530;_1530;[106407,106408,106409,106410,106411,106412,106413,106414,106415,106416,106417,106418];8574;11206
15;4005;TNK;KV;NNNYYYNNNYNNNNNNYNNNNNNNNYYNNNNYYYNNNNYYYNNNNYYYNNNNYYYNNNNYYYNNNNYYYNNNNYYYNNNNYYYNNNNYYYNNNNYYYNNNNYYYNNNNYYYYNNNYYYNNNNYYYNNNNYYYNNNNYYNNNNNYYYNNNNYNYNNNNYYYNNNNYYYNNNNNNNNNNNYYYNNNNYYNNNNNYYYNNNNYYYNNNNYYYNNNNYYYNNNNYYYNNNNYYYNNNNYYYNNNNYYYNNNNYYYNNNNYYYNNNNYYYNNNNYYYNNNNYYYNNNNYYYNNNNYYYNNNNYYYNNNNYYYNNNNNNNYNNNYYYNNNNYYYNNNNYYYNNNNYYYNNNNYYYNNNNYYYNNNNYYYN;GR400910;8574;11206;2632;0;_1530;_1530;_1530;_1530;[106763,106764,106765,106766,106767,106768,106769,106770,106771,106772,106773,106774];8574;11206
16;4005;TNK;KV;NNNNNNNNNNNNNNNNNNNNNNNNNNNNNNNNNNNNNNNNNNNNNNNNNNNNNNNNNNNNNNNNNNNNNNNNNNNNNNNNNNNNNNNNNNNNNNNNNNNNNNNNNNNNNNNNNNNNNNNNNNNNNNNNNNNNNNNNNNNNNNNNNNNNNNNNNNNNNNNNNNNNNNNNNNNNNNNNNNNNNNNNNNNNNNNNNNNNNNNNNNNNNNNNNNNNNNNNNNNNNNNNNNNNNNNNNNNNNNNNNNNNNNNNNNNNNNNNNNNNNNNNNNNNNNNNNNNNNNNNNNNNNNNNNNNNNNNNNNNNNNNNNNNNNNNNYYNNNNNNNNNNNNNNNNNNNNNNNNNNNNNNNNNNNNNNNNNNNNNNNNNN;GR400910;8574;11206;2632;0;_1530;_1530;_1530;_1530;[107126,107127,107128,107129,107130,107131,107132,107133,107134,107135,107136,107137];8574;11206
17;4005;TNK;KV;NNNNNNNNNNNNNNNNNNNNNNNNNNNNNNNNNNNNNNNNNNNNNNNNNNNNNNNNNNNNNNNNNNNNNNNNNNNNNNNNNNNNNNNNNNNNNNNNNNNNNNNNNNNNNNNNNNNNNNNNNNNNNNNNNNNNNNNNNNNNNNNNNNNNNNNNNNNNNNNNNNNNNNNNNNNNNNYNNNNNNNNNNNNNNNNNNNNNNNNNNNNNNNNNNNNNNNNNNNNNNNNNNNNNNNNNNNNNNNNNNNNNNNNNNNNNNNNNNNNNNNNNNNNNNNNNNNNNNNNNNNNNNNNNNNNNNNNNNNNNNNNNNNNNNNNNNNNNNNNNNNNNNNNNNNNNNNNNNNNNNNNNNNNNNNNNNNNNNNNNNNNN;GR400910;8574;11206;2632;0;_1530;_1530;_1530;_1530;[107474,107475,107476,107477,107478,107479,107480,107481,107482,107483,107484,107485];8574;11206
18;4005;TNK;KV;NNNNNNNNNNNNNNNNNNNNNNNNNNNNNNNNNNNNNNNNNNNNNNNNNNNNNNNNNNNNNNNNNNNNNNNNNNNNNNNNNNNNNNNNNNNNNNNNNNNNNNNNNNNNNNNNNNNNNNNNNNNNNNNNNNNNNNNNNNNNNNNNNNNNNNNNNNNNNNNNNNNNNNNNNNNNNYNNNNNNNNNNNNNNNNNNNNNNNNNNNNNNNNNNNNNNNNNNNNNNNNNNNNNNNNNNNNNNNNNNNNNNNNNNNNNNNNNNNNNNNNNNNNNNNNNNNNNNNNNNNNNNNNNNNNNNNNNNNNNNNNNNNNNNNNNNNNNNNNNNNNNNNNNNNNNNNNNNNNNNNNNNNNNNNNNNNNNNNNNNNNNN;GR400910;8574;11206;2632;0;_1530;_1530;_1530;_1530;[107858,107859,107860,107861,107862,107863,107864,107865,107866,107867,107868,107869];8574;11206
19;4005;TNK;KV;NNNNNNNNNNNNNNNNNNNNNNNNNNNNNNNNNNNNNNNNNNNNNNNNNNNNNNNNNNNNNNNNNNNNNNNNNNNNNNNNNNNNNNNNNNNNNNNNNNNNNNNNNNNNNNNNNNNNNNNNNNNNNNNNNNNNNNNNNNNNNNNNNNNNNNNNNNNNNNNNNNNNNNNNNNNNYNNNNNNNNNNNNNNNNNNNNNNNNNNNNNNNNNNNNNNNNNNNNNNNNNNNNNNNNNNNNNNNNNNNNNNNNNNNNNNNNNNNNNNNNNNNNNNNNNNNNNNNNNNNNNNNNNNNNNNNNNNNNNNNNNNNNNNNNNNNNNNNNNNNNNNNNNNNNNNNNNNNNNNNNNNNNNNNNNNNNNNNNNNNNNNN;GR400910;8574;11206;2632;0;_1530;_1530;_1530;_1530;[108242,108243,108244,108245,108246,108247,108248,108249,108250,108251,108252,108253];8574;11206
20;4014;KV;TNK;NYYYYYNNYYNNNNNYYNNYNNYNYYYNNYYYYYNNYYYYYNNYYYYYNNYYYYYNNYYYYYNNYYYYYNNYYYYYNNYYYYYNNYYYYYNNYYYYYNNYYYYYNNYYYYNNNNYYYYNNYYYYYNNYYYYYNNYYYYNNNYYYYYNNYYYNYNNNNNNYNNNNNNYNNNNYNNNNYYYYYNNYYYYNNNYYYYYNNYYYYYNNYYYYYNNYYYYYNNYYYYYNNYYYYYNNYYYYYNNYYYYYNNYYYYYNNYYYYYNNYYYYYNNYYYYYNNYYYYYNNYYYYYNNYYYYYNNYYYYYNNYYYYYNNYYYNNNNYYYYYNNYYYYYNNYYYYYNNYYYYYNNYYYYYNNYYYYYNNYYYYYN;GR401010;154564;156208;1644;0;_1530;_1530;_1530;_1530;[108900,108901,108902,108903,108904,108905,108906,108907,108908,108909,108910,108911];154564;156208
21;4014;KV;TNK;NNNNNNNNNNNNNNNNNNNNNNNNNNNNNNNNNNNNNNNNNNNNNNNNNNNNNNNNNNNNNNNNNNNNNNNNNNNNNNNNNNNNNNNNNNNNNNNNNNNNNNNNNNNNNNNNNNNNNNNNNNNNNNNNNNNNNNNNNNNNNNNNNNNNNNNNNNNYYYYNNNNNNYNNNNNNYNNNNNNNNNNNNNNNNNNNNNNNNNNNNNNNNNNNNNNNNNNNNNNNNNNNNNNNNNNNNNNNNNNNNNNNNNNNNNNNNNNNNNNNNNNNNNNNNNNNNNNNNNNNNNNNNNNNNNNNNNNNNNNNNNNNNNNNNNNNYNNNNNNNNNNNNNNNNNNNNNNNNNNNNNNNNNNNNNNNNNNNNNNNNNNN;GR401010;169054;170698;1644;0;_1530;_1530;_1530;_1530;[109284,109285,109286,109287,109288,109289,109290,109291,109292,109293,109294,109295];169054;170698
22;4014;KV;TNK;NNNNNNNNNNNNNNNNNNNNNNNNNNNNNNNNNNNNNNNNNNNNNNNNNNNNNNNNNNNNNNNNNNNNNNNNNNNNNNNNNNNNNNNNNNNNNNNNNNNNNNNNNNNNNNNNNNNNNNNNNNNNNNNNNNNNNNNNNNNNNNNNNNNNNNNNNNNNNNNNNNYYYNNNNYYNNNNNNNNNNNNNNNNNNNNNNNNNNNNNNNNNNNNNNNNNNNNNNNNNNNNNNNNNNNNNNNNNNNNNNNNNNNNNNNNNNNNNNNNNNNNNNNNNNNNNNNNNNNNNNNNNNNNNNNNNNNNNNNNNNNNNNNNNNNNNNNNNNNNNNNNNNNNNNNNNNNNNNNNNNNNNNNNNNNNNNNNNNNNNNNNN;GR401010;168994;170788;1794;0;_1530;_1530;_1530;_1530;[109668,109669,109670,109671,109672,109673,109674,109675,109676,109677,109678,109679];168994;170788
23;4014;KV;TNK;NNNNNNNNNNNNNNNNNNNNNNNNNNNNNNNNNNNNNNNNNNNNNNNNNNNNNNNNNNNNNNNNNNNNNNNNNNNNNNNNNNNNNNNNNNNNNNNNNNNNNNNNNNNNNNNNNNNNNNNNNNNNNNNNNNNNNNNNNNNNNNNNNNNNNNNNNNNNNNNNNNNNNNNNNNNNNYNNNNNNNNNNNNNNNNNNNNNNNNNNNNNNNNNNNNNNNNNNNNNNNNNNNNNNNNNNNNNNNNNNNNNNNNNNNNNNNNNNNNNNNNNNNNNNNNNNNNNNNNNNNNNNNNNNNNNNNNNNNNNNNNNNNNNNNNNNNYNNNNNNNNNNNNNNNNNNNNNNNNNNNNNNNNNNNNNNNNNNNNNNNNNN;GR401010;164404;166048;1644;0;_1530;_1530;_1530;_1530;[110052,110053,110054,110055,110056,110057,110058,110059,110060,110061,110062,110063];164404;166048
24;4019;TNK;KV;NNNNNNNNNNNNNNNNNNNNNNNNNNNNNNNNNNNNNNNNNNNNNNNNNNNNNNNNNNNNNNNNNNNNNNNNNNNNNNNNNNNNNNNNNNNNNNNNNNNNNNNNNNNNNNNNNNNNNNNNNNNNNNNNNNNNNNNNNNNNNNNNNNNNNNNNNNNNNNNNNNNYYYNNNNYNYNNNNNNNNNNNNNNNNNNNNNNNNNNNNNNNNNNNNNNNNNNNNNNNNNNNNNNNNNNNNNNNNNNNNNNNNNNNNNNNNNNNNNNNNNNNNNNNNNNNNNNNNNNNNNNNNNNNNNNNNNNNNNNNNNNNNNNNNNNNNNNNNNNNNNNNNNNNNNNNNNNNNNNNNNNNNNNNNNNNNNNNNNNNNNNN;GR400910;12120;13864;1744;600;_1530;_1530;_1530;_1530;[110134,110135,110136,110137,110138,110139,110140,110141,110142,110143,110144,110145];12120;13864
25;4019;TNK;KV;NNNNNNNNNNNNNNNNNNNNNNNNNNNNNNNNNNNNNNNNNNNNNNNNNNNNNNNNNNNNNNNNNNNNNNNNNNNNNNNNNNNNNNNNNNNNNNNNNNNNNNNNNNNNNNNNNNNNNNNNNNNNNNNNNNNNNNNNNNNNNNNNNNNNNNNNNNNNNNNNNNNNNNNNNNNNNNNNNNNNNNNNNNNNNNNNNNNNNNNNNNNNNNNNNNNNNNNNNNNNNNNNNNNNNNNNNNNNNNNNNNNNNNNNNNNNNNNNNNNNNNNNNNNNNNNNNNNNNNNNNNNNNNNNNNNNNNNNNNNNNNNNNNNNNNNNNYNNNNNNNNNNNNNNNNNNNNNNNNNNNNNNNNNNNNNNNNNNNNNNNNNN;GR400910;18204;20571;2367;0;_1530;_1530;_1530;_1530;[110531,110532,110533,110534,110535,110536,110537,110538,110539,110540,110541,110542];18204;20571
26;4019;TNK;KV;YNYYYYNYNYNYYNYNYNYNNYNYNYYNYNYYYYNYNYYYYNYNYYYYNYNYYYYNYNYYYYNYNYYYYNYNYYYYNYNYYYYNYNYYYYNYNYYYYNYNYYYYNYNYYYNNYYNYYYNYNYYYYNYNYYYYNYNYYYYNYNYYYYNYNYYYYNNNNNNYNNNNNNNNNNNNNNNNNNNNNNNNNNNNYNNNNNNNNNNNNNNNNNNNNNNNNNNNNNNNNNNNNNNNNNNNNNNNNNNNNNNNNNNYYYYNYNYYYYNYNYYYYNYNYYYYNYNYYYYNYNYYYYNYNYYYYNYNYYYYNYNYYYYNYNYYNNNNNYYYYNYNYYYYNYNYYYYNYNYYYYNYNYYYYNYNYYYYNYNYYYYN;GR400910;18204;20571;2367;0;_1530;_1530;_1530;_1530;[110928,110929,110930,110931,110932,110933,110934,110935,110936,110937,110938,110939];18204;20571
27;4019;TNK;KV;NNNNNNNNNNNNNNNNNNNNNNNNNNNNNNNNNNNNNNNNNNNNNNNNNNNNNNNNNNNNNNNNNNNNNNNNNNNNNNNNNNNNNNNNNNNNNNNNNNNNNNNNNNNNNNNNNNNNNNNNNNNNNNNNNNNNNNNNNNNNNNNNNNNNNNNNNNNNNNNNNNNNNNYNNNNYNNNNNYYYYNYNYYYNNYNYYYYNYNYYYYNYNYYYYNYNYYYYNYNYYYYNYNYYYYNYNYYYYNYNYYYYNYNNNNNNNNNNNNNNNNNNNNNNNNNNNNNNNNNNNNNNNNNNNNNNNNNNNNNNNNNNNNNNNNNNNNNNNNNNNNNNNNNNNNNNNNNNNNNNNNNNNNNNNNNNNNNNNNNNNNNN;GR400910;12120;13864;1744;600;_1530;_1530;_1530;_1530;[111297,111298,111299,111300,111301,111302,111303,111304,111305,111306,111307,111308];12120;13864
28;4019;TNK;KV;NNNNNNNNNNNNNNNNNNNNNNNNNNNNNNNNNNNNNNNNNNNNNNNNNNNNNNNNNNNNNNNNNNNNNNNNNNNNNNNNNNNNNNNNNNNNNNNNNNNNNNNNNNNNNNNNNNNNNNNNNNNNNNNNNNNNNNNNNNNNNNNNNNNNNNNNNNNNNNNNNNNNNNNNYNNNNNNYNNNNNNNNNNNNNNNNNNNNNNNNNNNNNNNNNNNNNNNNNNNNNNNNNNNNNNNNNNNNNNNNNNNNNNNNNNNNNNNNNNNNNNNNNNNNNNNNNNNNNNNNNNNNNNNNNNNNNNNNNNNNNNNNNNNNNNNNNNNNNNNNNNNNNNNNNNNNNNNNNNNNNNNNNNNNNNNNNNNNNNNNNNNN;GR400910;12120;13864;1744;600;_1530;_1530;_1530;_1530;[111666,111667,111668,111669,111670,111671,111672,111673,111674,111675,111676,111677];12120;13864
29;4019;TNK;KV;NNNNNNNNNNNNNNNNNNNNNNNNNNNNNNNNNNNNNNNNNNNNNNNNNNNNNNNNNNNNNNNNNNNNNNNNNNNNNNNNNNNNNNNNNNNNNNNNNNNNNNNNNNNNNNNNNNNNNNNNNNNNNNNNNNNNNNNNNNNNNNNNNNNNNNNNNNNNNNNNNNNNNNNNNNNNNYNNNNNNNNNNNNNNNNNNNNNNNNNNNNNNNNNNNNNNNNNNNNNNNNNNNNNNNNNNNNNNNNNNNNNNNNNNNNNNNNNNNNNNNNNNNNNNNNNNNNNNNNNNNNNNNNNNNNNNNNNNNNNNNNNNNNNNNNNNNNNNNNNNNNNNNNNNNNNNNNNNNNNNNNNNNNNNNNNNNNNNNNNNNNNN;GR400910;12120;13864;1744;600;_1530;_1530;_1530;_1530;[112063,112064,112065,112066,112067,112068,112069,112070,112071,112072,112073,112074];12120;13864
30;4019;TNK;KV;NNNNNNNNNNNNNNNNNNNNNNNNNNNNNNNNNNNNNNNNNNNNNNNNNNNNNNNNNNNNNNNNNNNNNNNNNNNNNNNNNNNNNNNNNNNNNNNNNNNNNNNNNNNNNNNNNNNNNNNNNNNNNNNNNNNNNNNNNNNNNNNNNNNNNNNNNNYNYYYNNYNNNNNNNNNNNNNNNNNNNNNNNNNNNNNNNNNNNNNNNNNNNNNNNNNNNNNNNNNNNNNNNNNNNNNNNNNNNNNNNNNNNNNNNNNNNNNNNNNNNNNNNNNNNNNNNNNNNNNNNNNNNNNNNNNNNNNNNNNNNNNNNNNNNNNNYNNYNNNNNNNNNNNNNNNNNNNNNNNNNNNNNNNNNNNNNNNNNNNNNNNN;GR400910;18204;20571;2367;0;_1530;_1530;_1530;_1530;[112460,112461,112462,112463,112464,112465,112466,112467,112468,112469,112470,112471];18204;20571
31;9170;KV;TNK;NNNNNNNNNNNNNNNNNNNNNNNNNNNNNNNNNNNNNNNNNNNNNNNNNNNNNNNNNNNNNNNNNNNNNNNNNNNNNNNNNNNNNNNNNNNNNNNNNNNNNNNNNNNNNNNNNNNNNNNNNNNNNNNNNNNNNNNNNNNNNNNNNNNNNNNNNNNNNNNNNYYYYYNYYYYYYNYYYYYYNYYYYYYNYYYYYYNYYYYYYNYYYYYYNYYYYYYNYYYYYYNYYYYYYNYYYYYYNYYYYYYNYNNNNNNNNNNNNNNNNNNNNNNNNNNNNNNNNNNNNNNNNNNNNNNNNNNNNNNNNNNNNNNNNNNNNNNNNNNNNNNNNNNNNNNNNNNNNNNNNNNNNNNNNNNNNNNNNNNNNNNN;GRM23406;67500;71280;3780;540;_1530;_1530;_1530;_1530;[191794,191795,191796,191797,191798,191799,191800,191801,191802,191803,191804,191805];67500;71280
32;9170;KV;TNK;YYYYYYYYYYYYYYYYYYYYYYYYYYYYYYYYYYYYYYYYYYYYYYYYYYYYYYYYYYYYYYYYYYYYYYYYYYYYYYYYYYYYYYYYYYYYYYYYYYYYYYYYYYYYYYYYYYYYYYYYYYYYYYYYYYYYYYYYYYYYYYYYYYYYYYYYYYYYYYYYYNNNNNYNNNNNNYNNNNNNYNNNNNNYNNNNNNYNNNNNNYNNNNNNYNNNNNNYNNNNNNYNNNNNNYNNNNNNYNNNNNNYNYYYYYYYYYYYYYYYYYYYYYYYYYYYYYYYYYYYYYYYYYYYYYYYYYYYYYYYYYYYYYYYYYYYYYYYYYYYYYYYYYYYYYYYYYYYYYYYYYYYYYYYYYYYYYYYYYYYYYYY;GRM23406;78360;81127;2767;540;_1530;_1530;_1530;_1530;[191853,191854,191855,191856,191857,191858,191859,191860,191861,191862,191863,191864];78360;81127
33;9171;TNK;KV;YYYYYYYYYYYYYYYYYYYYYYYYYYYYYYYYYYYYYYYYYYYYYYYYYYYYYYYYYYYYYYYYYYYYYYYYYYYYYYYYYYYYYYYYYYYYYYYYYYYYYYYYYYYYYYYYYYYYYYYYYYYYYYYYYYYYYYYYYYYYYYYYYYYYYYYYYYYYYYYYYYNNNNNYNNNNNNYNNNNNNYNNNNNNYNNNNNNYNNNNNNYNNNNNNYNNNNNNYNNNNNNYNNNNNNYNNNNNNYNNNNNNYNYYYYYYYYYYYYYYYYYYYYYYYYYYYYYYYYYYYYYYYYYYYYYYYYYYYYYYYYYYYYYYYYYYYYYYYYYYYYYYYYYYYYYYYYYYYYYYYYYYYYYYYYYYYYYYYYYYYYYY;GRM22007;20328;23233;2905;0;_1530;_1530;_1530;_1530;[191935,191936,191937,191938,191939,191940,191941,191942,191943,191944,191945,191946];20328;23233
34;9171;TNK;KV;NNNNNNNNNNNNNNNNNNNNNNNNNNNNNNNNNNNNNNNNNNNNNNNNNNNNNNNNNNNNNNNNNNNNNNNNNNNNNNNNNNNNNNNNNNNNNNNNNNNNNNNNNNNNNNNNNNNNNNNNNNNNNNNNNNNNNNNNNNNNNNNNNNNNNNNNNNNNNNNNNNYYYYYNYYYYYYNYYYYYYNYYYYYYNYYYYYYNYYYYYYNYYYYYYNYYYYYYNYYYYYYNYYYYYYNYYYYYYNYYYYYYNYNNNNNNNNNNNNNNNNNNNNNNNNNNNNNNNNNNNNNNNNNNNNNNNNNNNNNNNNNNNNNNNNNNNNNNNNNNNNNNNNNNNNNNNNNNNNNNNNNNNNNNNNNNNNNNNNNNNNNN;GRM22007;12696;14877;2181;0;_1530;_1530;_1530;_1530;[191994,191995,191996,191997,191998,191999,192000,192001,192002,192003,192004,192005];12696;14877
35;9172;KV;TNK;YYYYYYYYYYYYYYYYYYYYYYYYYYYYYYYYYYYYYYYYYYYYYYYYYYYYYYYYYYYYYYYYYYYYYYYYYYYYYYYYYYYYYYYYYYYYYYYYYYYYYYYYYYYYYYYYYYYYYYYYYYYYYYYYYYYYYYYYYYYYYYYYYYYYYYYYYYYYYYYYYYNNNNNNNNNNNNNNNNNNNNNNNNNNNNNNNNNNNNNNNNNNNNNNNNNNNNNNNNNNNNNNNNNNNNNNNNNNNNNNNNNNNNNNNNNNNNNNYYYYYYYYYYYYYYYYYYYYYYYYYYYYYYYYYYYYYYYYYYYYYYYYYYYYYYYYYYYYYYYYYYYYYYYYYYYYYYYYYYYYYYYYYYYYYYYYYYYYYYYYYYYY;GRM23406;34860;37687;2827;180;_1530;_1530;_1530;_1530;[192030,192031,192032,192033,192034,192035,192036,192037,192038,192039,192040,192041];34860;37687
36;9172;KV;TNK;NNNNNNNNNNNNNNNNNNNNNNNNNNNNNNNNNNNNNNNNNNNNNNNNNNNNNNNNNNNNNNNNNNNNNNNNNNNNNNNNNNNNNNNNNNNNNNNNNNNNNNNNNNNNNNNNNNNNNNNNNNNNNNNNNNNNNNNNNNNNNNNNNNNNNNNNNNNNNNNNNNYYYYYYYYYYYYYYYYYYYYYYYYYYYYYYYYYYYYYYYYYYYYYYYYYYYYYYYYYYYYYYYYYYYYYYYYYYYYYYYYYYYYYYYYYYYYYYNNNNNNNNNNNNNNNNNNNNNNNNNNNNNNNNNNNNNNNNNNNNNNNNNNNNNNNNNNNNNNNNNNNNNNNNNNNNNNNNNNNNNNNNNNNNNNNNNNNNNNNNNNNN;GRM23406;34860;37687;2827;180;_1530;_1530;_1530;_1530;[192089,192090,192091,192092,192093,192094,192095,192096,192097,192098,192099,192100];34860;37687
37;9173;TNK;KV;NNNNNNNNNNNNNNNNNNNNNNNNNNNNNNNNNNNNNNNNNNNNNNNNNNNNNNNNNNNNNNNNNNNNNNNNNNNNNNNNNNNNNNNNNNNNNNNNNNNNNNNNNNNNNNNNNNNNNNNNNNNNNNNNNNNNNNNNNNNNNNNNNNNNNNNNNNNNNNNNNNNNNNNNNNNNNNNNNNNNNNNNNNNNNNNNNNNNNNNNNNNNNNNNNNNNNNNNNNNNNNNNNNNNNNNNNYYYYYYYYYYYYYYYYYYYYYYYNNNNNNNNNNNNNNNNNNNNNNNNNNNNNNNNNNNNNNNNNNNNNNNNNNNNNNNNNNNNNNNNNNNNNNNNNNNNNNNNNNNNNNNNNNNNNNNNNNNNNNNNNNNN;GRM22007;55387;60013;4626;0;_1530;_1530;_1530;_1530;[192171,192172,192173,192174,192175,192176,192177,192178,192179,192180,192181,192182];55387;60013
38;9173;TNK;KV;NNNNNNNNNNNNNNNNNNNNNNNNNNNNNNNNNNNNNNNNNNNNNNNNNNNNNNNNNNNNNNNNNNNNNNNNNNNNNNNNNNNNNNNNNNNNNNNNNNNNNNNNNNNNNNNNNNNNNNNNNNNNNNNNNNNNNNNNNNNNNNNNNNNNNNNNNNNNNNNNNNYYYYYYYYYYYYYYYYYYYYYYYYYYYYYYYYYYYYYYYYYYYYYYYYYYYYYYYYYYYYYYYYYYYYYYYNNNNNNNNNNNNNNNNNNNNNNNNNNNNNNNNNNNNNNNNNNNNNNNNNNNNNNNNNNNNNNNNNNNNNNNNNNNNNNNNNNNNNNNNNNNNNNNNNNNNNNNNNNNNNNNNNNNNNNNNNNNNNNNNNNN;GRM22007;52860;58806;5946;480;_1530;_1530;_1530;_1530;[192230,192231,192232,192233,192234,192235,192236,192237,192238,192239,192240,192241];52860;58806
39;9173;TNK;KV;YYYYYYYYYYYYYYYYYYYYYYYYYYYYYYYYYYYYYYYYYYYYYYYYYYYYYYYYYYYYYYYYYYYYYYYYYYYYYYYYYYYYYYYYYYYYYYYYYYYYYYYYYYYYYYYYYYYYYYYYYYYYYYYYYYYYYYYYYYYYYYYYYYYYYYYYYYYYYYYYYYNNNNNNNNNNNNNNNNNNNNNNNNNNNNNNNNNNNNNNNNNNNNNNNNNNNNNNNNNNNNNNNNNNNNNNNNNNNNNNNNNNNNNNNNNNNNNNYYYYYYYYYYYYYYYYYYYYYYYYYYYYYYYYYYYYYYYYYYYYYYYYYYYYYYYYYYYYYYYYYYYYYYYYYYYYYYYYYYYYYYYYYYYYYYYYYYYYYYYYYYYY;GRM22007;49118;52800;3682;0;_1530;_1530;_1530;_1530;[192289,192290,192291,192292,192293,192294,192295,192296,192297,192298,192299,192300];49118;52800
40;9174;KV;TNK;YYYYYYYYYYYYYYYYYYYYYYYYYYYYYYYYYYYYYYYYYYYYYYYYYYYYYYYYYYYYYYYYYYYYYYYYYYYYYYYYYYYYYYYYYYYYYYYYYYYYYYYYYYYYYYYYYYYYYYYYYYYYYYYYYYYYYYYYYYYYYYYYYYYYYYYYYYYYYYYYYYYYYYYYYYYYYYYYYYYYYYYYYYYYYYYYYYYYYYYYYYYYYYYYYYYYYYYYYYYYYYYYYYYYYYYYYYYYYYYYYYYYYYYYYYYYYYYYYYYYYYYYYYYYYYYYYYYYYYYYYYYYYYYYYYYYYYYYYYYYYYYYYYYYYYYYYYYYYYYYYYYYYYYYYYYYYYYYYYYYYYYYYYYYYYYYYYYYYYYYYYYY;GRM23406;57360;60097;2737;180;_1530;_1530;_1530;_1530;[192325,192326,192327,192328,192329,192330,192331,192332,192333,192334,192335,192336];57360;60097
41;9175;TNK;KV;YYYYYYYYYYYYYYYYYYYYYYYYYYYYYYYYYYYYYYYYYYYYYYYYYYYYYYYYYYYYYYYYYYYYYYYYYYYYYYYYYYYYYYYYYYYYYYYYYYYYYYYYYYYYYYYYYYYYYYYYYYYYYYYYYYYYYYYYYYYYYYYYYYYYYYYYYYYYYYYYYYYYYYYYYYYYYYYYYYYYYYYYYYYYYYYYYYYYYYYYYYYYYYYYYYYYYYYYYYYYYYYYYYYYYYYYYYYYYYYYYYYYYYYYYYYYYYYYYYYYYYYYYYYYYYYYYYYYYYYYYYYYYYYYYYYYYYYYYYYYYYYYYYYYYYYYYYYYYYYYYYYYYYYYYYYYYYYYYYYYYYYYYYYYYYYYYYYYYYYYYYYY;GRM21007;88310;91221;2911;0;_1530;_1530;_1530;_1530;[192407,192408,192409,192410,192411,192412,192413,192414,192415,192416,192417,192418];88310;91221
42;9176;KV;TNK;YYYYYYYYYYYYYYYYYYYYYYYYYYYYYYYYYYYYYYYYYYYYYYYYYYYYYYYYYYYYYYYYYYYYYYYYYYYYYYYYYYYYYYYYYYYYYYYYYYYYYYYYYYYYYYYYYYYYYYYYYYYYYYYYYYYYYYYYYYYYYYYYYYYYYYYYYYYYYYYYYYNNNNNYNNNNNNYNNNNNNYNNNNNNYNNNNNNYNNNNNNYNNNNNNYNNNNNNYNNNNNNYNNNNNNYNNNNNNYNNNNNNYNYYYYYYYYYYYYYYYYYYYYYYYYYYYYYYYYYYYYYYYYYYYYYYYYYYYYYYYYYYYYYYYYYYYYYYYYYYYYYYYYYYYYYYYYYYYYYYYYYYYYYYYYYYYYYYYYYYYYYY;GRM23406;20580;23340;2760;2820;_1530;_1530;_1530;_1530;[192443,192444,192445,192446,192447,192448,192449,192450,192451,192452,192453,192454];20580;23340
43;9177;TNK;KV;YYYYYYYYYYYYYYYYYYYYYYYYYYYYYYYYYYYYYYYYYYYYYYYYYYYYYYYYYYYYYYYYYYYYYYYYYYYYYYYYYYYYYYYYYYYYYYYYYYYYYYYYYYYYYYYYYYYYYYYYYYYYYYYYYYYYYYYYYYYYYYYYYYYYYYYYYYYYYYYYYYNNNNNYNNNNNNYNNNNNNYNNNNNNYNNNNNNYNNNNNNYNNNNNNYNNNNNNYNNNNNNYNNNNNNYNNNNNNYNNNNNNYNYYYYYYYYYYYYYYYYYYYYYYYYYYYYYYYYYYYYYYYYYYYYYYYYYYYYYYYYYYYYYYYYYYYYYYYYYYYYYYYYYYYYYYYYYYYYYYYYYYYYYYYYYYYYYYYYYYYYYY;GRM21007;45060;47124;2064;900;_1530;_1530;_1530;_1530;[192525,192526,192527,192528,192529,192530,192531,192532,192533,192534,192535,192536];45060;47124
44;9901;TNK;KV;YYYYYYYYYYYYYYYYYYYYYYYYYYYYYYYYYYYYYYYYYYYYYYYYYYYYYYYYYYYYYYYYYYYYYYYYYYYYYYYYYYYYYYYYYYYYYYYYYYYYYYYYYYYYYYYYYYYYYYYYYYYYYYYYYYYYYYYYYYYYYYYYYYYYYYYYYYYYYYYYYYNNNNNYNNNNNNYNNNNNNYNNNNNNYNNNNNNYNNNNNNYNNNNNNYNNNNNNYNNNNNNYNNNNNNYNNNNNNYNNNNNNYNYYYYYYYYYYYYYYYYYYYYYYYYYYYYYYYYYYYYYYYYYYYYYYYYYYYYYYYYYYYYYYYYYYYYYYYYYYYYYYYYYYYYYYYYYYYYYYYYYYYYYYYYYYYYYYYYYYYYYY;GIOR1407;16648;19020;2372;0;_1530;_1530;_1530;_1530;[212476,212477,212478,212479,212480,212481,212482,212483,212484,212485,212486,212487];16648;19020
45;9902;KV;TNK;YYYYYYYYYYYYYYYYYYYYYYYYYYYYYYYYYYYYYYYYYYYYYYYYYYYYYYYYYYYYYYYYYYYYYYYYYYYYYYYYYYYYYYYYYYYYYYYYYYYYYYYYYYYYYYYYYYYYYYYYYYYYYYYYYYYYYYYYYYYYYYYYYYYYYYYYYYYYYYYYYYNNNNNYNNNNNNYNNNNNNYNNNNNNYNNNNNNYNNNNNNYNNNNNNYNNNNNNYNNNNNNYNNNNNNYNNNNNNYNNNNNNYNYYYYYYYYYYYYYYYYYYYYYYYYYYYYYYYYYYYYYYYYYYYYYYYYYYYYYYYYYYYYYYYYYYYYYYYYYYYYYYYYYYYYYYYYYYYYYYYYYYYYYYYYYYYYYYYYYYYYYY;GIOR8206;1311;4026;2715;0;_1530;_1530;_1530;_1530;[212496,212497,212498,212499,212500,212501,212502,212503,212504,212505,212506,212507];1311;4026
46;9903;TNK;KV;YYYYYYYYYYYYYYYYYYYYYYYYYYYYYYYYYYYYYYYYYYYYYYYYYYYYYYYYYYYYYYYYYYYYYYYYYYYYYYYYYYYYYYYYYYYYYYYYYYYYYYYYYYYYYYYYYYYYYYYYYYYYYYYYYYYYYYYYYYYYYYYYYYYYYYYYYYYYYYYYYYNNNNNYNNNNNNYNNNNNNYNNNNNNYNNNNNNYNNNNNNYNNNNNNYNNNNNNYNNNNNNYNNNNNNYNNNNNNYNNNNNNYNYYYYYYYYYYYYYYYYYYYYYYYYYYYYYYYYYYYYYYYYYYYYYYYYYYYYYYYYYYYYYYYYYYYYYYYYYYYYYYYYYYYYYYYYYYYYYYYYYYYYYYYYYYYYYYYYYYYYYY;GIOR1407;23604;26100;2496;0;_1530;_1530;_1530;_1530;[212578,212579,212580,212581,212582,212583,212584,212585,212586,212587,212588,212589];23604;26100
47;9904;KV;TNK;YYYYYYYYYYYYYYYYYYYYYYYYYYYYYYYYYYYYYYYYYYYYYYYYYYYYYYYYYYYYYYYYYYYYYYYYYYYYYYYYYYYYYYYYYYYYYYYYYYYYYYYYYYYYYYYYYYYYYYYYYYYYYYYYYYYYYYYYYYYYYYYYYYYYYYYYYYYYYYYYYYNNNNNYNNNNNNYNNNNNNYNNNNNNYNNNNNNYNNNNNNYNNNNNNYNNNNNNYNNNNNNYNNNNNNYNNNNNNYNNNNNNYNYYYYYYYYYYYYYYYYYYYYYYYYYYYYYYYYYYYYYYYYYYYYYYYYYYYYYYYYYYYYYYYYYYYYYYYYYYYYYYYYYYYYYYYYYYYYYYYYYYYYYYYYYYYYYYYYYYYYYY;GIOR8206;10011;12786;2775;0;_1530;_1530;_1530;_1530;[212598,212599,212600,212601,212602,212603,212604,212605,212606,212607,212608,212609];10011;12786
48;9905;TNK;KV;YYYYYYYYYYYYYYYYYYYYYYYYYYYYYYYYYYYYYYYYYYYYYYYYYYYYYYYYYYYYYYYYYYYYYYYYYYYYYYYYYYYYYYYYYYYYYYYYYYYYYYYYYYYYYYYYYYYYYYYYYYYYYYYYYYYYYYYYYYYYYYYYYYYYYYYYYYYYYYYYYYNNNNNYNNNNNNYNNNNNNYNNNNNNYNNNNNNYNNNNNNYNNNNNNYNNNNNNYNNNNNNYNNNNNNYNNNNNNYNNNNNNYNYYYYYYYYYYYYYYYYYYYYYYYYYYYYYYYYYYYYYYYYYYYYYYYYYYYYYYYYYYYYYYYYYYYYYYYYYYYYYYYYYYYYYYYYYYYYYYYYYYYYYYYYYYYYYYYYYYYYYY;GIOR1407;33000;36406;3406;960;_1530;_1530;_1530;_1530;[212680,212681,212682,212683,212684,212685,212686,212687,212688,212689,212690,212691];33000;36406
49;9906;KV;TNK;YYYYYYYYYYYYYYYYYYYYYYYYYYYYYYYYYYYYYYYYYYYYYYYYYYYYYYYYYYYYYYYYYYYYYYYYYYYYYYYYYYYYYYYYYYYYYYYYYYYYYYYYYYYYYYYYYYYYYYYYYYYYYYYYYYYYYYYYYYYYYYYYYYYYYYYYYYYYYYYYYYNNNNNYNNNNNNYNNNNNNYNNNNNNYNNNNNNYNNNNNNYNNNNNNYNNNNNNYNNNNNNYNNNNNNYNNNNNNYNNNNNNYNYYYYYYYYYYYYYYYYYYYYYYYYYYYYYYYYYYYYYYYYYYYYYYYYYYYYYYYYYYYYYYYYYYYYYYYYYYYYYYYYYYYYYYYYYYYYYYYYYYYYYYYYYYYYYYYYYYYYYY;GIOR8206;19251;21856;2605;0;_1530;_1530;_1530;_1530;[212700,212701,212702,212703,212704,212705,212706,212707,212708,212709,212710,212711];19251;21856
50;9907;TNK;KV;YYYYYYYYYYYYYYYYYYYYYYYYYYYYYYYYYYYYYYYYYYYYYYYYYYYYYYYYYYYYYYYYYYYYYYYYYYYYYYYYYYYYYYYYYYYYYYYYYYYYYYYYYYYYYYYYYYYYYYYYYYYYYYYYYYYYYYYYYYYYYYYYYYYYYYYYYYYYYYYYYYNNNNNYNNNNNNYNNNNNNYNNNNNNYNNNNNNYNNNNNNYNNNNNNYNNNNNNYNNNNNNYNNNNNNYNNNNNNYNNNNNNYNYYYYYYYYYYYYYYYYYYYYYYYYYYYYYYYYYYYYYYYYYYYYYYYYYYYYYYYYYYYYYYYYYYYYYYYYYYYYYYYYYYYYYYYYYYYYYYYYYYYYYYYYYYYYYYYYYYYYYY;GIOR1407;38994;43801;4807;0;_1530;_1530;_1530;_1530;[212782,212783,212784,212785,212786,212787,212788,212789,212790,212791,212792,212793];38994;43801
51;9908;KV;TNK;YYYYYYYYYYYYYYYYYYYYYYYYYYYYYYYYYYYYYYYYYYYYYYYYYYYYYYYYYYYYYYYYYYYYYYYYYYYYYYYYYYYYYYYYYYYYYYYYYYYYYYYYYYYYYYYYYYYYYYYYYYYYYYYYYYYYYYYYYYYYYYYYYYYYYYYYYYYYYYYYYYNNNNNYNNNNNNYNNNNNNYNNNNNNYNNNNNNYNNNNNNYNNNNNNYNNNNNNYNNNNNNYNNNNNNYNNNNNNYNNNNNNYNYYYYYYYYYYYYYYYYYYYYYYYYYYYYYYYYYYYYYYYYYYYYYYYYYYYYYYYYYYYYYYYYYYYYYYYYYYYYYYYYYYYYYYYYYYYYYYYYYYYYYYYYYYYYYYYYYYYYYY;GIOR8206;26871;29436;2565;0;_1530;_1530;_1530;_1530;[212802,212803,212804,212805,212806,212807,212808,212809,212810,212811,212812,212813];26871;29436
52;9909;TNK;KV;YYYYYYYYYYYYYYYYYYYYYYYYYYYYYYYYYYYYYYYYYYYYYYYYYYYYYYYYYYYYYYYYYYYYYYYYYYYYYYYYYYYYYYYYYYYYYYYYYYYYYYYYYYYYYYYYYYYYYYYYYYYYYYYYYYYYYYYYYYYYYYYYYYYYYYYYYYYYYYYYYYNNNNNYNNNNNNYNNNNNNYNNNNNNYNNNNNNYNNNNNNYNNNNNNYNNNNNNYNNNNNNYNNNNNNYNNNNNNYNNNNNNYNYYYYYYYYYYYYYYYYYYYYYYYYYYYYYYYYYYYYYYYYYYYYYYYYYYYYYYYYYYYYYYYYYYYYYYYYYYYYYYYYYYYYYYYYYYYYYYYYYYYYYYYYYYYYYYYYYYYYYY;GIOR1407;51324;54276;2952;0;_1530;_1530;_1530;_1530;[212884,212885,212886,212887,212888,212889,212890,212891,212892,212893,212894,212895];51324;54276
53;9910;KV;TNK;YYYYYYYYYYYYYYYYYYYYYYYYYYYYYYYYYYYYYYYYYYYYYYYYYYYYYYYYYYYYYYYYYYYYYYYYYYYYYYYYYYYYYYYYYYYYYYYYYYYYYYYYYYYYYYYYYYYYYYYYYYYYYYYYYYYYYYYYYYYYYYYYYYYYYYYYYYYYYYYYYYYYYYYYYYYYYYYYYYYYYYYYYYYYYYYYYYYYYYYYYYYYYYYYYYYYYYYYYYYYYYYYYYYYYYYYYYYYYYYYYYYYYYYYYYYYYYYYYYYYYYYYYYYYYYYYYYYYYYYYYYYYYYYYYYYYYYYYYYYYYYYYYYYYYYYYYYYYYYYYYYYYYYYYYYYYYYYYYYYYYYYYYYYYYYYYYYYYYYYYYYYY;GIOR8206;31911;34626;2715;0;_1530;_1530;_1530;_1530;[212904,212905,212906,212907,212908,212909,212910,212911,212912,212913,212914,212915];31911;34626
54;9911;TNK;KV;YYYYYYYYYYYYYYYYYYYYYYYYYYYYYYYYYYYYYYYYYYYYYYYYYYYYYYYYYYYYYYYYYYYYYYYYYYYYYYYYYYYYYYYYYYYYYYYYYYYYYYYYYYYYYYYYYYYYYYYYYYYYYYYYYYYYYYYYYYYYYYYYYYYYYYYYYYYYYYYYYYYYYYYYYYYYYYYYYYYYYYYYYYYYYYYYYYYYYYYYYYYYYYYYYYYYYYYYYYYYYYYYYYYYYYYYYYYYYYYYYYYYYYYYYYYYYYYYYYYYYYYYYYYYYYYYYYYYYYYYYYYYYYYYYYYYYYYYYYYYYYYYYYYYYYYYYYYYYYYYYYYYYYYYYYYYYYYYYYYYYYYYYYYYYYYYYYYYYYYYYYYY;GIOR1407;61404;65082;3678;0;_1530;_1530;_1530;_1530;[212986,212987,212988,212989,212990,212991,212992,212993,212994,212995,212996,212997];61404;65082
55;9912;KV;TNK;YYYYYYYYYYYYYYYYYYYYYYYYYYYYYYYYYYYYYYYYYYYYYYYYYYYYYYYYYYYYYYYYYYYYYYYYYYYYYYYYYYYYYYYYYYYYYYYYYYYYYYYYYYYYYYYYYYYYYYYYYYYYYYYYYYYYYYYYYYYYYYYYYYYYYYYYYYYYYYYYYYYYYYYYYYYYYYYYYYYYYYYYYYYYYYYYYYYYYYYYYYYYYYYYYYYYYYYYYYYYYYYYYYYYYYYYYYYYYYYYYYYYYYYYYYYYYYYYYYYYYYYYYYYYYYYYYYYYYYYYYYYYYYYYYYYYYYYYYYYYYYYYYYYYYYYYYYYYYYYYYYYYYYYYYYYYYYYYYYYYYYYYYYYYYYYYYYYYYYYYYYYY;GIOR8206;42411;45036;2625;0;_1530;_1530;_1530;_1530;[213006,213007,213008,213009,213010,213011,213012,213013,213014,213015,213016,213017];42411;45036
56;9913;TNK;KV;YYYYYYYYYYYYYYYYYYYYYYYYYYYYYYYYYYYYYYYYYYYYYYYYYYYYYYYYYYYYYYYYYYYYYYYYYYYYYYYYYYYYYYYYYYYYYYYYYYYYYYYYYYYYYYYYYYYYYYYYYYYYYYYYYYYYYYYYYYYYYYYYYYYYYYYYYYYYYYYYYYYYYYYYYYYYYYYYYYYYYYYYYYYYYYYYYYYYYYYYYYYYYYYYYYYYYYYYYYYYYYYYYYYYYYYYYYYYYYYYYYYYYYYYYYYYYYYYYYYYYYYYYYYYYYYYYYYYYYYYYYYYYYYYYYYYYYYYYYYYYYYYYYYYYYYYYYYYYYYYYYYYYYYYYYYYYYYYYYYYYYYYYYYYYYYYYYYYYYYYYYYY;GIOR1407;67224;73051;5827;0;_1530;_1530;_1530;_1530;[213088,213089,213090,213091,213092,213093,213094,213095,213096,213097,213098,213099];67224;73051
57;9914;KV;TNK;YYYYYYYYYYYYYYYYYYYYYYYYYYYYYYYYYYYYYYYYYYYYYYYYYYYYYYYYYYYYYYYYYYYYYYYYYYYYYYYYYYYYYYYYYYYYYYYYYYYYYYYYYYYYYYYYYYYYYYYYYYYYYYYYYYYYYYYYYYYYYYYYYYYYYYYYYYYYYYYYYYYYYYYYYYYYYYYYYYYYYYYYYYYYYYYYYYYYYYYYYYYYYYYYYYYYYYYYYYYYYYYYYYYYYYYYYYYYYYYYYYYYYYYYYYYYYYYYYYYYYYYYYYYYYYYYYYYYYYYYYYYYYYYYYYYYYYYYYYYYYYYYYYYYYYYYYYYYYYYYYYYYYYYYYYYYYYYYYYYYYYYYYYYYYYYYYYYYYYYYYYYY;GIOR8206;50211;52806;2595;0;_1530;_1530;_1530;_1530;[213108,213109,213110,213111,213112,213113,213114,213115,213116,213117,213118,213119];50211;52806
58;9915;TNK;KV;YYYYYYYYYYYYYYYYYYYYYYYYYYYYYYYYYYYYYYYYYYYYYYYYYYYYYYYYYYYYYYYYYYYYYYYYYYYYYYYYYYYYYYYYYYYYYYYYYYYYYYYYYYYYYYYYYYYYYYYYYYYYYYYYYYYYYYYYYYYYYYYYYYYYYYYYYYYYYYYYYYYYYYYYYYYYYYYYYYYYYYYYYYYYYYYYYYYYYYYYYYYYYYYYYYYYYYYYYYYYYYYYYYYYYYYYYYYYYYYYYYYYYYYYYYYYYYYYYYYYYYYYYYYYYYYYYYYYYYYYYYYYYYYYYYYYYYYYYYYYYYYYYYYYYYYYYYYYYYYYYYYYYYYYYYYYYYYYYYYYYYYYYYYYYYYYYYYYYYYYYYYY;GIOR1407;75684;79860;4176;0;_1530;_1530;_1530;_1530;[213190,213191,213192,213193,213194,213195,213196,213197,213198,213199,213200,213201];75684;79860
59;9916;KV;TNK;YYYYYYYYYYYYYYYYYYYYYYYYYYYYYYYYYYYYYYYYYYYYYYYYYYYYYYYYYYYYYYYYYYYYYYYYYYYYYYYYYYYYYYYYYYYYYYYYYYYYYYYYYYYYYYYYYYYYYYYYYYYYYYYYYYYYYYYYYYYYYYYYYYYYYYYYYYYYYYYYYYYYYYYYYYYYYYYYYYYYYYYYYYYYYYYYYYYYYYYYYYYYYYYYYYYYYYYYYYYYYYYYYYYYYYYYYYYYYYYYYYYYYYYYYYYYYYYYYYYYYYYYYYYYYYYYYYYYYYYYYYYYYYYYYYYYYYYYYYYYYYYYYYYYYYYYYYYYYYYYYYYYYYYYYYYYYYYYYYYYYYYYYYYYYYYYYYYYYYYYYYYY;GIOR8206;56871;59436;2565;0;_1530;_1530;_1530;_1530;[213210,213211,213212,213213,213214,213215,213216,213217,213218,213219,213220,213221];56871;59436
60;9917;TNK;KV;YYYYYYYYYYYYYYYYYYYYYYYYYYYYYYYYYYYYYYYYYYYYYYYYYYYYYYYYYYYYYYYYYYYYYYYYYYYYYYYYYYYYYYYYYYYYYYYYYYYYYYYYYYYYYYYYYYYYYYYYYYYYYYYYYYYYYYYYYYYYYYYYYYYYYYYYYYYYYYYYYYYYYYYYYYYYYYYYYYYYYYYYYYYYYYYYYYYYYYYYYYYYYYYYYYYYYYYYYYYYYYYYYYYYYYYYYYYYYYYYYYYYYYYYYYYYYYYYYYYYYYYYYYYYYYYYYYYYYYYYYYYYYYYYYYYYYYYYYYYYYYYYYYYYYYYYYYYYYYYYYYYYYYYYYYYYYYYYYYYYYYYYYYYYYYYYYYYYYYYYYYYY;GIOR1407;82800;86760;3960;300;_1530;_1530;_1530;_1530;[213292,213293,213294,213295,213296,213297,213298,213299,213300,213301,213302,213303];82800;86760
61;9918;KV;TNK;YYYYYYYYYYYYYYYYYYYYYYYYYYYYYYYYYYYYYYYYYYYYYYYYYYYYYYYYYYYYYYYYYYYYYYYYYYYYYYYYYYYYYYYYYYYYYYYYYYYYYYYYYYYYYYYYYYYYYYYYYYYYYYYYYYYYYYYYYYYYYYYYYYYYYYYYYYYYYYYYYYYYYYYYYYYYYYYYYYYYYYYYYYYYYYYYYYYYYYYYYYYYYYYYYYYYYYYYYYYYYYYYYYYYYYYYYYYYYYYYYYYYYYYYYYYYYYYYYYYYYYYYYYYYYYYYYYYYYYYYYYYYYYYYYYYYYYYYYYYYYYYYYYYYYYYYYYYYYYYYYYYYYYYYYYYYYYYYYYYYYYYYYYYYYYYYYYYYYYYYYYYY;GIOR8206;63231;65916;2685;0;_1530;_1530;_1530;_1530;[213312,213313,213314,213315,213316,213317,213318,213319,213320,213321,213322,213323];63231;65916
62;9919;TNK;KV;YYYYYYYYYYYYYYYYYYYYYYYYYYYYYYYYYYYYYYYYYYYYYYYYYYYYYYYYYYYYYYYYYYYYYYYYYYYYYYYYYYYYYYYYYYYYYYYYYYYYYYYYYYYYYYYYYYYYYYYYYYYYYYYYYYYYYYYYYYYYYYYYYYYYYYYYYYYYYYYYYYYYYYYYYYYYYYYYYYYYYYYYYYYYYYYYYYYYYYYYYYYYYYYYYYYYYYYYYYYYYYYYYYYYYYYYYYYYYYYYYYYYYYYYYYYYYYYYYYYYYYYYYYYYYYYYYYYYYYYYYYYYYYYYYYYYYYYYYYYYYYYYYYYYYYYYYYYYYYYYYYYYYYYYYYYYYYYYYYYYYYYYYYYYYYYYYYYYYYYYYYYY;GIOR1407;90420;92801;2381;300;_1530;_1530;_1530;_1530;[213394,213395,213396,213397,213398,213399,213400,213401,213402,213403,213404,213405];90420;92801
63;9920;KV;TNK;YYYYYYYYYYYYYYYYYYYYYYYYYYYYYYYYYYYYYYYYYYYYYYYYYYYYYYYYYYYYYYYYYYYYYYYYYYYYYYYYYYYYYYYYYYYYYYYYYYYYYYYYYYYYYYYYYYYYYYYYYYYYYYYYYYYYYYYYYYYYYYYYYYYYYYYYYYYYYYYYYYYYYYYYYYYYYYYYYYYYYYYYYYYYYYYYYYYYYYYYYYYYYYYYYYYYYYYYYYYYYYYYYYYYYYYYYYYYYYYYYYYYYYYYYYYYYYYYYYYYYYYYYYYYYYYYYYYYYYYYYYYYYYYYYYYYYYYYYYYYYYYYYYYYYYYYYYYYYYYYYYYYYYYYYYYYYYYYYYYYYYYYYYYYYYYYYYYYYYYYYYYY;GIOR8206;71811;74496;2685;0;_1530;_1530;_1530;_1530;[213414,213415,213416,213417,213418,213419,213420,213421,213422,213423,213424,213425];71811;74496
64;9921;TNK;KV;YYYYYYYYYYYYYYYYYYYYYYYYYYYYYYYYYYYYYYYYYYYYYYYYYYYYYYYYYYYYYYYYYYYYYYYYYYYYYYYYYYYYYYYYYYYYYYYYYYYYYYYYYYYYYYYYYYYYYYYYYYYYYYYYYYYYYYYYYYYYYYYYYYYYYYYYYYYYYYYYYYYYYYYYYYYYYYYYYYYYYYYYYYYYYYYYYYYYYYYYYYYYYYYYYYYYYYYYYYYYYYYYYYYYYYYYYYYYYYYYYYYYYYYYYYYYYYYYYYYYYYYYYYYYYYYYYYYYYYYYYYYYYYYYYYYYYYYYYYYYYYYYYYYYYYYYYYYYYYYYYYYYYYYYYYYYYYYYYYYYYYYYYYYYYYYYYYYYYYYYYYYY;GIOR1407;93702;96180;2478;0;_1530;_1530;_1530;_1530;[213496,213497,213498,213499,213500,213501,213502,213503,213504,213505,213506,213507];93702;96180
65;9922;KV;TNK;YYYYYYYYYYYYYYYYYYYYYYYYYYYYYYYYYYYYYYYYYYYYYYYYYYYYYYYYYYYYYYYYYYYYYYYYYYYYYYYYYYYYYYYYYYYYYYYYYYYYYYYYYYYYYYYYYYYYYYYYYYYYYYYYYYYYYYYYYYYYYYYYYYYYYYYYYYYYYYYYYYYYYYYYYYYYYYYYYYYYYYYYYYYYYYYYYYYYYYYYYYYYYYYYYYYYYYYYYYYYYYYYYYYYYYYYYYYYYYYYYYYYYYYYYYYYYYYYYYYYYYYYYYYYYYYYYYYYYYYYYYYYYYYYYYYYYYYYYYYYYYYYYYYYYYYYYYYYYYYYYYYYYYYYYYYYYYYYYYYYYYYYYYYYYYYYYYYYYYYYYYYY;GIOR8206;80151;82776;2625;0;_1530;_1530;_1530;_1530;[213516,213517,213518,213519,213520,213521,213522,213523,213524,213525,213526,213527];80151;82776
66;9924;KV;TNK;YYYYYYYYYYYYYYYYYYYYYYYYYYYYYYYYYYYYYYYYYYYYYYYYYYYYYYYYYYYYYYYYYYYYYYYYYYYYYYYYYYYYYYYYYYYYYYYYYYYYYYYYYYYYYYYYYYYYYYYYYYYYYYYYYYYYYYYYYYYYYYYYYYYYYYYYYYYYYYYYYNNNNNYNNNNNNYNNNNNNYNNNNNNYNNNNNNYNNNNNNYNNNNNNYNNNNNNYNNNNNNYNNNNNNYNNNNNNYNNNNNNYNYYYYYYYYYYYYYYYYYYYYYYYYYYYYYYYYYYYYYYYYYYYYYYYYYYYYYYYYYYYYYYYYYYYYYYYYYYYYYYYYYYYYYYYYYYYYYYYYYYYYYYYYYYYYYYYYYYYYYYY;GIOR8206;83091;85749;2658;0;_1530;_1530;_1530;_1530;[213567,213568,213569,213570,213571,213572,213573,213574,213575,213576,213577,213578];83091;85749
67;10094;KV;TNK;NNNNNNNNNNNNNNNNNNNNNNNNNNNNNNNNNNNNNNNNNNNNNNNNNNNNNNNNNNNNNNNNNNNNNNNNNNNNNNNNNNNNNNNNNNNNNNNNNNNNNNNNNNNNNNNNNNNNNNNNNNNNNNNNNNNNNNNNNNNNNNNNNNNNNNNNNNNNNNNNNNNNNNNNNNNNNNNNNNNNNNNNNNNNNNNNNNNNNNNNNNNNNNNNNNNNNNNNNNNNNNNNNNNNNNNNYYYYYYYYYYYYYYYYYYYYYYYYYYYYYYYYYYYYYYYYYYYYYYYYYYYYYYYYYYYYYYYYYYYYYYYNNNNNNNNNNNNNNNNNNNNNNNNNNNNNNNNNNNNNNNNNNNNNNNNNNNNNNNNNNNNN;PR6A0816;135108;136677;1569;0;_1530;_1530;_1530;_1530;[215428,215429,215430,215431,215432,215433,215434,215435,215436,215437,215438,215439];135108;136677
68;10095;TNK;KV;NNNNNNNNNNNNNNNNNNNNNNNNNNNNNNNNNNNNNNNNNNNNNNNNNNNNNNNNNNNNNNNNNNNNNNNNNNNNNNNNNNNNNNNNNNNNNNNNNNNNNNNNNNNNNNNNNNNNNNNNNNNNNNNNNNNNNNNNNNNNNNNNNNNNNNNNNNNNNNNNNNYYYYYNYYYYYYNYYYYYYNYYYYYYNYYYYYYNYYYYYYNYYYYYYNYYYYYYNYYYYYYNYYYYYYNYYYYYYNYYYYYYNYNNNNNNNNNNNNNNNNNNNNNNNNNNNNNNNNNNNNNNNNNNNNNNNNNNNNNNNNNNNNNNNNNNNNNNNNNNNNNNNNNNNNNNNNNNNNNNNNNNNNNNNNNNNNNNNNNNNNNN;PR600416;47101;48600;1499;0;_1530;_1530;_1530;_1530;[215510,215511,215512,215513,215514,215515,215516,215517,215518,215519,215520,215521];47101;48600
69;19901;TNK;KV;NNNNNNNNNNNNNNNNNNNNNNNNNNNNNNNNNNNNNNNNNNNNNNNNNNNNNNNNNNNNNNNNNNNNNNNNNNNNNNNNNNNNNNNNNNNNNNNNNNNNNNNNNNNNNNNNNNNNNNNNNNNNNNNNNNNNNNNNNNNNNNNNNNNNNNNNNNNNNNNNNNYYYYYNYYYYYYNYYYYYYNYYYYYYNYYYYYYNYYYYYYNYYYYYYNYYYYYYNYYYYYYNYYYYYYNYYYYYYNYYYYYYNYNNNNNNNNNNNNNNNNNNNNNNNNNNNNNNNNNNNNNNNNNNNNNNNNNNNNNNNNNNNNNNNNNNNNNNNNNNNNNNNNNNNNNNNNNNNNNNNNNNNNNNNNNNNNNNNNNNNNNN;GIOR1407;13390;15716;2326;0;_1530;_1530;_1530;_1530;[244293,244294,244295,244296,244297,244298,244299,244300,244301,244302,244303,244304];13390;15716
70;19908;KV;TNK;NNNNNNNNNNNNNNNNNNNNNNNNNNNNNNNNNNNNNNNNNNNNNNNNNNNNNNNNNNNNNNNNNNNNNNNNNNNNNNNNNNNNNNNNNNNNNNNNNNNNNNNNNNNNNNNNNNNNNNNNNNNNNNNNNNNNNNNNNNNNNNNNNNNNNNNNNNNNNNNNNNYYYYYNYYYYYYNYYYYYYNYYYYYYNYYYYYYNYYYYYYNYYYYYYNYYYYYYNYYYYYYNYYYYYYNYYYYYYNYYYYYYNYNNNNNNNNNNNNNNNNNNNNNNNNNNNNNNNNNNNNNNNNNNNNNNNNNNNNNNNNNNNNNNNNNNNNNNNNNNNNNNNNNNNNNNNNNNNNNNNNNNNNNNNNNNNNNNNNNNNNNN;GIOR8206;31251;33816;2565;0;_1530;_1530;_1530;_1530;[244313,244314,244315,244316,244317,244318,244319,244320,244321,244322,244323,244324];31251;33816
71;19909;TNK;KV;NNNNNNNNNNNNNNNNNNNNNNNNNNNNNNNNNNNNNNNNNNNNNNNNNNNNNNNNNNNNNNNNNNNNNNNNNNNNNNNNNNNNNNNNNNNNNNNNNNNNNNNNNNNNNNNNNNNNNNNNNNNNNNNNNNNNNNNNNNNNNNNNNNNNNNNNNNNNNNNNNNYYYYYNYYYYYYNYYYYYYNYYYYYYNYYYYYYNYYYYYYNYYYYYYNYYYYYYNYYYYYYNYYYYYYNYYYYYYNYYYYYYNYNNNNNNNNNNNNNNNNNNNNNNNNNNNNNNNNNNNNNNNNNNNNNNNNNNNNNNNNNNNNNNNNNNNNNNNNNNNNNNNNNNNNNNNNNNNNNNNNNNNNNNNNNNNNNNNNNNNNNN;GIOR1407;51264;54271;3007;0;_1530;_1530;_1530;_1530;[244395,244396,244397,244398,244399,244400,244401,244402,244403,244404,244405,244406];51264;54271
72;19911;TNK;KV;YYYYYYYYYYYYYYYYYYYYYYYYYYYYYYYYYYYYYYYYYYYYYYYYYYYYYYYYYYYYYYYYYYYYYYYYYYYYYYYYYYYYYYYYYYYYYYYYYYYYYYYYYYYYYYYYYYYYYYYYYYYYYYYYYYYYYYYYYYYYYYYYYYYYYYYYYYYYYYYYYYYYYYYYYYYYYYYYYYYYYYYYYYYYYYYYYYYYYYYYYYYYYYYYYYYYYYYYYYYYYYYYYYYYYYYYYYYYYYYYYYYYYYYYYYYYYYYYYYYYYYYYYYYYYYYYYYYYYYYYYYYYYYYYYYYYYYYYYYYYYYYYYYYYYYYYYYYYYYYYYYYYYYYYYYYYYYYYYYYYYYYYYYYYYYYYYYYYYYYYYYYY;GIOR1407;64168;67260;3092;0;_1530;_1530;_1530;_1530;[244446,244447,244448,244449,244450,244451,244452,244453,244454,244455,244456,244457];64168;67260
73;19924;KV;TNK;NNNNNNNNNNNNNNNNNNNNNNNNNNNNNNNNNNNNNNNNNNNNNNNNNNNNNNNNNNNNNNNNNNNNNNNNNNNNNNNNNNNNNNNNNNNNNNNNNNNNNNNNNNNNNNNNNNNNNNNNNNNNNNNNNNNNNNNNNNNNNNNNNNNNNNNNNNNNNNNNNYYYYYNYYYYYYNYYYYYYNYYYYYYNYYYYYYNYYYYYYNYYYYYYNYYYYYYNYYYYYYNYYYYYYNYYYYYYNYYYYYYNYNNNNNNNNNNNNNNNNNNNNNNNNNNNNNNNNNNNNNNNNNNNNNNNNNNNNNNNNNNNNNNNNNNNNNNNNNNNNNNNNNNNNNNNNNNNNNNNNNNNNNNNNNNNNNNNNNNNNNNN;GIOR8206;83091;85749;2658;0;_1530;_1530;_1530;_1530;[244466,244467,244468,244469,244470,244471,244472,244473,244474,244475,244476,244477];83091;85749
74;41902;KV;TNK;NNNNNNNNNNNNNNNNNNNNNNNNNNNNNNNNNNNNNNNNNNNNNNNNNNNNNNNNNNNNNNNNNNNNNNNNNNNNNNNNNNNNNNNNNNNNNNNNNNNNNNNNNNNNNNNNNNNNNNNNNNNNNNNNNNNNNNNNNNNNNNNNNNNNNNNNNNNNNNNNNNNNNNNNNNNNNNNNNNNNNNNNNNNNNNNNNNNNNNNNNNNNNNNNNNNNNNNNNNNNNNNNNNNNNNNNNNNNNNNNNNNNNNNNNNNNNNNNNNNNNNNNNNNNNNNNNNNNNNNNNNNNNNNNNNNNNNNNNNNNNNNNNNNNNNNNNNNNYNNNNNNNNNNNNNNNNNNNNNNNNNNNNNNNNNNNNNNNNNNNNNNN;GR421610;187980;192060;4080;1020;_1530;_1530;_1530;_1530;[253439,253440,253441,253442,253443,253444,253445,253446,253447,253448,253449,253450];187980;192060
75;41902;KV;TNK;NNNNNNNNNNNNNNNNNNNNNNNNNNNNNNNNNNNNNNNNNNNNNNNNNNNNNNNNNNNNNNNNNNNNNNNNNNNNNNNNNNNNNNNNNNNNNNNNNNNNNNNNNNNNNNNNNNNNNNNNNNNNNNNNNNNNNNNNNNNNNNNNNNNNNNNNNNNNNNNNNNNNNNNNNNNNNYNNNNNNNNNNNNNNNNNNNNNNNNNNNNNNNNNNNNNNNNNNNNNNNNNNNNNNNNNNNNNNNNNNNNNNNNNNNNNNNNNNNNNNNNNNNNNNNNNNNNNNNNNNNNNNNNNNNNNNNNNNNNNNNNNNNNNNNNNNNNNNNNNNNNNNNNNNNNNNNNNNNNNNNNNNNNNNNNNNNNNNNNNNNNNN;GR421610;188520;190395;1875;2400;_1530;_1530;_1530;_1530;[253820,253821,253822,253823,253824,253825,253826,253827,253828,253829,253830,253831];188520;190395
76;41902;KV;TNK;NYYYYYNNYYNNNNNYYNNYNNYNYYYNNYYYYYNNYYYYYNNYYYYYNNYYYYYNNYYYYYNNYYYYYNNYYYYYNNYYYYYNNYYYYYNNYYYYYNNYYYYYNNYYYYNNNNYYYYNNYYYYYNNYYYYYNNYYYYNNNYYYYYNNYYYNYNNYYYYYNNYYYYYNNYYYNNNNYYYYYNNYYYYNNNYYYYYNNYYYYYNNYYYYYNNYYYYYNNYYYYYNNYYYYYNNYYYYYNNYYYYYNNYYYYYNNYYYYYNNYYYYYNNYYYYYNNYYYYYNNYYYYYNNYYYYYNNYYYYYNNYYYYYNNYYYNNNNNYYYYNNYYYYYNNYYYYYNNYYYYYNNYYYYYNNYYYYYNNYYYYYN;GR421610;161873;163620;1747;0;_1530;_1530;_1530;_1530;[254173,254174,254175,254176,254177,254178,254179,254180,254181,254182,254183,254184];161873;163620
77;41902;KV;TNK;NNNNNNNNNNNNNNNNNNNNNNNNNNNNNNNNNNNNNNNNNNNNNNNNNNNNNNNNNNNNNNNNNNNNNNNNNNNNNNNNNNNNNNNNNNNNNNNNNNNNNNNNNNNNNNNNNNNNNNNNNNNNNNNNNNNNNNNNNNNNNNNNNNNNNNNNNNNNNNNNNNNNNNNNNNNNYNNNNNNNNNNNNNNNNNNNNNNNNNNNNNNNNNNNNNNNNNNNNNNNNNNNNNNNNNNNNNNNNNNNNNNNNNNNNNNNNNNNNNNNNNNNNNNNNNNNNNNNNNNNNNNNNNNNNNNNNNNNNNNNNNNNNNNNNNNNYYNNNNNNNNNNNNNNNNNNNNNNNNNNNNNNNNNNNNNNNNNNNNNNNNNN;GR421610;186020;188520;2500;0;_1530;_1530;_1530;_1530;[254554,254555,254556,254557,254558,254559,254560,254561,254562,254563,254564,254565];186020;188520
78;41905;TNK;KV;NNNNNNNNNNNNNNNNNNNNNNNNNNNNNNNNNNNNNNNNNNNNNNNNNNNNNNNNNNNNNNNNNNNNNNNNNNNNNNNNNNNNNNNNNNNNNNNNNNNNNNNNNNNNNNNNNNNNNNNNNNNNNNNNNNNNNNNNNNNNNNNNNNNNNNNNNNNNNNNNNNNNNNNNNNNNYNNNYNNNNNNNNNNNNNNNNNNNNNNNNNNNNNNNNNNNNNNNNNNNNNNNNNNNNNNNNNNNNNNNNNNNNNNNNNNNNNNNNNNNNNNNNNNNNNNNNNNNNNNNNNNNNNNNNNNNNNNNNNNNNNNNNNNNNNNNNNNNNNNNNNNNNNNNNNNNNNNNNNNNNNNNNNNNNNNNNNNNNNNNNNNN;GR421610;10772;13562;2790;0;_1530;_1530;_1530;_1530;[254636,254637,254638,254639,254640,254641,254642,254643,254644,254645,254646,254647];10772;13562
79;41905;TNK;KV;NYYYYYYNYYYNNYNYYYNYYNYNYYYYNYYYYYYNYYYYYYNYYYYYYNYYYYYYNYYYYYYNYYYYYYNYYYYYYNYYYYYYNYYYYYYNYYYYYYNYYYYYYNYYYYYYNNYYYYYNYYYYYYNYYYYYYNYYYYNYNYYYYYYNYYYNYYNYYYYYYNNNNNNYNNNNNNNNNNNNNYNNNNNNNNNNNNNYNNNNNNYNNNNNNYNNNNNNYNNNNNNYNNNNNNYNNNNNNYNNNNNNYNYYYYYYNYYYYYYNYYYYYYNYYYYYYNYYYYYYNYYYYYYNYYYYYYNYYYYYYNYYYYYYNYYYNNNNNYYYYYNYYYYYYNYYYYYYNYYYYYYNYYYYYYNYYYYYYNYYYYYY;GR421610;12840;14678;1838;420;_1530;_1530;_1530;_1530;[255017,255018,255019,255020,255021,255022,255023,255024,255025,255026,255027,255028];12840;14678
80;41905;TNK;KV;NNNNNNNNNNNNNNNNNNNNNNNNNNNNNNNNNNNNNNNNNNNNNNNNNNNNNNNNNNNNNNNNNNNNNNNNNNNNNNNNNNNNNNNNNNNNNNNNNNNNNNNNNNNNNNNNNNNNNNNNNNNNNNNNNNNNNNNNNNNNNNNNNNNNNNNNNNNNNNNNNNYYYYYNNYYYNNNNNYYYYNNYYYYYNNYYYYYNNYYYYYNNYYYYYNNYYYYYNNYYYYYNNYYYYYNNYYYYYNNYYYYYNNNNNNNNNNNNNNNNNNNNNNNNNNNNNNNNNNNNNNNNNNNNNNNNNNNNNNNNNNNNNNNNNNNNNNNNNNNNNNNNNNNNNNNNNNNNNNNNNNNNNNNNNNNNNNNNNNNNNNNN;GR421610;10772;13562;2790;0;_1530;_1530;_1530;_1530;[255370,255371,255372,255373,255374,255375,255376,255377,255378,255379,255380,255381];10772;13562
81;41905;TNK;KV;NNNNNNNNNNNNNNNNNNNNNNNNNNNNNNNNNNNNNNNNNNNNNNNNNNNNNNNNNNNNNNNNNNNNNNNNNNNNNNNNNNNNNNNNNNNNNNNNNNNNNNNNNNNNNNNNNNNNNNNNNNNNNNNNNNNNNNNNNNNNNNNNNNNNNNNNNNNNNNNNNNNNNNNNNNNNNNNNNNNNNNNNNNNNNNNNNNNNNNNNNNNNNNNNNNNNNNNNNNNNNNNNNNNNNNNNNNNNNNNNNNNNNNNNNNNNNNNNNNNNNNNNNNNNNNNNNNNNNNNNNNNNNNNNNNNNNNNNNNNNNNNNNNNNNNNNYYNNYNNNNNNNNNNNNNNNNNNNNNNNNNNNNNNNNNNNNNNNNNNNNNNN;GR421610;12840;14678;1838;420;_1530;_1530;_1530;_1530;[255723,255724,255725,255726,255727,255728,255729,255730,255731,255732,255733,255734];12840;14678
82;41905;TNK;KV;NNNNNNNNNNNNNNNNNNNNNNNNNNNNNNNNNNNNNNNNNNNNNNNNNNNNNNNNNNNNNNNNNNNNNNNNNNNNNNNNNNNNNNNNNNNNNNNNNNNNNNNNNNNNNNNNNNNNNNNNNNNNNNNNNNNNNNNNNNNNNNNNNNNNNNNNNNNNNNNNNNNNNNNNNNNNNYNNNNNNNNNNNNNNNNNNNNNNNNNNNNNNNNNNNNNNNNNNNNNNNNNNNNNNNNNNNNNNNNNNNNNNNNNNNNNNNNNNNNNNNNNNNNNNNNNNNNNNNNNNNNNNNNNNNNNNNNNNNNNNNNNNNNNNNNNNNNNNNNNNNNNNNNNNNNNNNNNNNNNNNNNNNNNNNNNNNNNNNNNNNNNN;GR421610;10772;13562;2790;0;_1530;_1530;_1530;_1530;[256104,256105,256106,256107,256108,256109,256110,256111,256112,256113,256114,256115];10772;13562
83;41905;TNK;KV;NNNNNNNNNNNNNNNNNNNNNNNNNNNNNNNNNNNNNNNNNNNNNNNNNNNNNNNNNNNNNNNNNNNNNNNNNNNNNNNNNNNNNNNNNNNNNNNNNNNNNNNNNNNNNNNNNNNNNNNNNNNNNNNNNNNNNNNNNNNNNNNNNNNNNNNNNNNNNNNNNNNNNNNNNNNNNNYNNNNNNNNNNNNNNNNNNNNNNNNNNNNNNNNNNNNNNNNNNNNNNNNNNNNNNNNNNNNNNNNNNNNNNNNNNNNNNNNNNNNNNNNNNNNNNNNNNNNNNNNNNNNNNNNNNNNNNNNNNNNNNNNNNNNNNNNNNNYNNNNNNNNNNNNNNNNNNNNNNNNNNNNNNNNNNNNNNNNNNNNNNNNN;GR421610;12840;14678;1838;420;_1530;_1530;_1530;_1530;[256485,256486,256487,256488,256489,256490,256491,256492,256493,256494,256495,256496];12840;14678
84;41919;TNK;KV;NNNNNNNNNNNNNNNNNNNNNNNNNNNNNNNNNNNNNNNNNNNNNNNNNNNNNNNNNNNNNNNNNNNNNNNNNNNNNNNNNNNNNNNNNNNNNNNNNNNNNNNNNNNNNNNNNNNNNNNNNNNNNNNNNNNNNNNNNNNNNNNNNNNNNNNNNNNNNNNNNNNNNNNNNNNYNNYNNNNNNNNNNNNNNNNNNNNNNNNNNNNNNNNNNNNNNNNNNNNNNNNNNNNNNNNNNNNNNNNNNNNNNNNNNNNNNNNNNNNNNNNNNNNNNNNNNNNNNNNNNNNNNNNNNNNNNNNNNNNNNNNNNNNNNNNYNNYNNNNNNNNNNNNNNNNNNNNNNNNNNNNNNNNNNNNNNNNNNNNNNNNN;GR401010;92483;94388;1905;0;_1530;_1530;_1530;_1530;[256901,256902,256903,256904,256905,256906,256907,256908,256909,256910,256911,256912];92483;94388
85;41919;TNK;KV;NNNNNNNNNNNNNNNNNNNNNNNNNNNNNNNNNNNNNNNNNNNNNNNNNNNNNNNNNNNNNNNNNNNNNNNNNNNNNNNNNNNNNNNNNNNNNNNNNNNNNNNNNNNNNNNNNNNNNNNNNNNNNNNNNNNNNNNNNNNNNNNNNNNNNNNNNNNNNNNNNNNNNNNNNNNNYNNNNNNNNNNNNNNNNNNNNNNNNNNNNNNNNNNNNNNNNNNNNNNNNNNNNNNNNNNNNNNNNNNNNNNNNNNNNNNNNNNNNNNNNNNNNNNNNNNNNNNNNNNNNNNNNNNNNNNNNNNNNNNNNNNNNNNNNNNNYNNNNNNNNNNNNNNNNNNNNNNNNNNNNNNNNNNNNNNNNNNNNNNNNNNN;GR401010;92483;94388;1905;0;_1530;_1530;_1530;_1530;[257295,257296,257297,257298,257299,257300,257301,257302,257303,257304,257305,257306];92483;94388
86;41919;TNK;KV;NNYYYNYNNNYNNYNNNYNNYNNNNYNYNNYYYNYNNYYYNYNNYYYNYNNYYYNYNNYYYNYNNYYYNYNNYYYNYNNYYYNYNNYYYNYNNYYYNYNNYYYNYNNYYNYYNNNYYNYNNYYYNYNNYYYNYNNYYNNYNNYYYNYNNYYNNYNNYYYNYNNYYYNYNNYNNNNNNYYYNYNNYYNYNNNYYYNYNNYYYNYNNYYYNYNNYYYNYNNYYYNYNNYYYNYNNYYYNYNNYYYNYNNYYYNYNNYYYNYNNYYYNYNNYYYNYNNYYYNYNNYYYNYNNYYYNYNNYYYNYNNYYYNYNNYNNNNNNYYYNYNNYYYNYNNYYYNYNNYYYNYNNYYYNYNNYYYNYNNYYYNY;GR401010;92483;94388;1905;0;_1530;_1530;_1530;_1530;[257689,257690,257691,257692,257693,257694,257695,257696,257697,257698,257699,257700];92483;94388
87;41932;KV;TNK;NNNNNNNNNNNNNNNNNNNNNNNNNNNNNNNNNNNNNNNNNNNNNNNNNNNNNNNNNNNNNNNNNNNNNNNNNNNNNNNNNNNNNNNNNNNNNNNNNNNNNNNNNNNNNNNNNNNNNNNNNNNNNNNNNNNNNNNNNNNNNNNNNNNNNNNNNNNNNNNNNNNNNNNNNNNNNNYNNNNNNNNNNNNNNNNNNNNNNNNNNNNNNNNNNNNNNNNNNNNNNNNNNNNNNNNNNNNNNNNNNNNNNNNNNNNNNNNNNNNNNNNNNNNNNNNNNNNNNNNNNNNNNNNNNNNNNNNNNNNNNNNNNNNNNNNNNNYNNNNNNNNNNNNNNNNNNNNNNNNNNNNNNNNNNNNNNNNNNNNNNNNN;GR421610;153660;155385;1725;1020;_1530;_1530;_1530;_1530;[258341,258342,258343,258344,258345,258346,258347,258348,258349,258350,258351,258352];153660;155385
88;41932;KV;TNK;NNNNNNYNNNYNNYNNNYNNYNNNNNNYNNNNNNYNNNNNNYNNNNNNYNNNNNNYNNNNNNYNNNNNNYNNNNNNYNNNNNNYNNNNNNYNNNNNNYNNNNNNYNNNNNYYNNNNNNYNNNNNNYNNNNNNYNNNNNNYNNNNNNYNNNNNNYNNNNNNYNNNNNNYNNNNNNNNNNNNNYNNNNNYNNNNNNNYNNNNNNYNNNNNNYNNNNNNYNNNNNNYNNNNNNYNNNNNNYNNNNNNYNNNNNNYNNNNNNYNNNNNNYNNNNNNYNNNNNNYNNNNNNYNNNNNNYNNNNNNYNNNNNNYNNNNNNNNNNNNNYNNNNNNYNNNNNNYNNNNNNYNNNNNNYNNNNNNYNNNNNNY;GR421610;142915;144708;1793;0;_1530;_1530;_1530;_1530;[258694,258695,258696,258697,258698,258699,258700,258701,258702,258703,258704,258705];142915;144708
89;41944;KV;TNK;NNNNNNNNNNNNNNNNNNNNNNNNNNNNNNNNNNNNNNNNNNNNNNNNNNNNNNNNNNNNNNNNNNNNNNNNNNNNNNNNNNNNNNNNNNNNNNNNNNNNNNNNNNNNNNNNNNNNNNNNNNNNNNNNNNNNNNNNNNNNNNNNNNNNNNNNNNNNNNNNNNNNNNNNNNNNNNNNNNNNNNNNNNNNNNNNNNNNNNNNNNNNNNNNNNNNNNNNNNNNNNNNNNNNNNNNNNNNNNNNNNNNNNNNNNNNNNNNNNNNNNNNNNNNNNNNNNNNNNNNNNNNNNNNNNNNNNNNNNNNNNNNNNNNNNNNNNNNYNNNNNNNNNNNNNNNNNNNNNNNNNNNNNNNNNNNNNNNNNNNNNNN;GR401010;184020;186735;2715;240;_1530;_1530;_1530;_1530;[259075,259076,259077,259078,259079,259080,259081,259082,259083,259084,259085,259086];184020;186735
90;41944;KV;TNK;NNNNNNNNNNNNNNNNNNNNNNNNNNNNNNNNNNNNNNNNNNNNNNNNNNNNNNNNNNNNNNNNNNNNNNNNNNNNNNNNNNNNNNNNNNNNNNNNNNNNNNNNNNNNNNNNNNNNNNNNNNNNNNNNNNNNNNNNNNNNNNNNNNNNNNNNNNNNNNNNNNNNNNNNNNNNNNNNNNNNNNNNNNNNNNNNNNNNNNNNNNNNNNNNNNNNNNNNNNNNNNNNNNNNNNNNNNNNNNNNNNNNNNNNNNNNNNNNNNNNNNNNNNNNNNNNNNNNNNNNNNNNNNNNNNNNNNNNNNNNNNNNNNNNNNNNNYNNNNNNNNNNNNNNNNNNNNNNNNNNNNNNNNNNNNNNNNNNNNNNNNNN;GR401010;168976;170680;1704;0;_1530;_1530;_1530;_1530;[259456,259457,259458,259459,259460,259461,259462,259463,259464,259465,259466,259467];168976;170680
91;41944;KV;TNK;NNNNNNNNNNNNNNNNNNNNNNNNNNNNNNNNNNNNNNNNNNNNNNNNNNNNNNNNNNNNNNNNNNNNNNNNNNNNNNNNNNNNNNNNNNNNNNNNNNNNNNNNNNNNNNNNNNNNNNNNNNNNNNNNNNNNNNNNNNNNNNNNNNNNNNNNNNNYYYNNNNYYYNNNNYYYNNNNNNNNNNNNNNNNNNNNNNNNNNNNNNNNNNNNNNNNNNNNNNNNNNNNNNNNNNNNNNNNNNNNNNNNNNNNNNNNNNNNNNNNNNNNNNNNNNNNNNNNNNNNNNNNNNNNNNNNNNNNNNNNNNNNNNNNNNNNNNNNNNNNNNNNNNNNNNNNNNNNNNNNNNNNNNNNNNNNNNNNNNNNNNNN;GR401010;156724;158338;1614;0;_1530;_1530;_1530;_1530;[259809,259810,259811,259812,259813,259814,259815,259816,259817,259818,259819,259820];156724;158338
92;41944;KV;TNK;NNNNNYNNNYNNNNNNYNNNNNNNNNYNNNNNNYNNNNNNYNNNNNNYNNNNNNYNNNNNNYNNNNNNYNNNNNNYNNNNNNYNNNNNNYNNNNNNYNNNNNNYNNNNNYNNNNNNNYNNNNNNYNNNNNNYNNNNNYNNNNNNNYNNNNNNYNNNNNNYNNNNNNYNNNNNNNNNNNNNYNNNNNYNNNNNNNYNNNNNNYNNNNNNYNNNNNNYNNNNNNYNNNNNNYNNNNNNYNNNNNNYNNNNNNYNNNNNNYNNNNNNYNNNNNNYNNNNNNYNNNNNNYNNNNNNYNNNNNNYNNNNNNYNNNNNNNNNNNNNYNNNNNNYNNNNNNYNNNNNNYNNNNNNYNNNNNNYNNNNNNYN;GR401010;156724;158338;1614;0;_1530;_1530;_1530;_1530;[260162,260163,260164,260165,260166,260167,260168,260169,260170,260171,260172,260173];156724;158338
93;41944;KV;TNK;NYYYNNNNYNNNNNNYNNNYNNYNYNNNNYYYNNNNYYYNNNNYYYNNNNYYYNNNNYYYNNNNYYYNNNNYYYNNNNYYYNNNNYYYNNNNYYYNNNNYYYNNNNYYYNNNNNYYNNNNYYYNNNNYYYNNNNYYYNNNNYYYNNNNYYYNNNNNNNNNNNNNNNNNNNNNNNNNYYYNNNNYYYNNNNYYYNNNNYYYNNNNYYYNNNNYYYNNNNYYYNNNNYYYNNNNYYYNNNNYYYNNNNYYYNNNNYYYNNNNYYYNNNNYYYNNNNYYYNNNNYYYNNNNYYYNNNNYYYNNNNYYYNNNNYYYNNNNNYYNNNNYYYNNNNYYYNNNNYYYNNNNYYYNNNNYYYNNNNYYYNNN;GR401010;156724;158338;1614;0;_1530;_1530;_1530;_1530;[260515,260516,260517,260518,260519,260520,260521,260522,260523,260524,260525,260526];156724;158338
94;41944;KV;TNK;NNNNNNNNNNNNNNNNNNNNNNNNNNNNNNNNNNNNNNNNNNNNNNNNNNNNNNNNNNNNNNNNNNNNNNNNNNNNNNNNNNNNNNNNNNNNNNNNNNNNNNNNNNNNNNNNNNNNNNNNNNNNNNNNNNNNNNNNNNNNNNNNNNNNNNNNNNNNNNNNNNNNNNNNNNNNNYNNNNNNNNNNNNNNNNNNNNNNNNNNNNNNNNNNNNNNNNNNNNNNNNNNNNNNNNNNNNNNNNNNNNNNNNNNNNNNNNNNNNNNNNNNNNNNNNNNNNNNNNNNNNNNNNNNNNNNNNNNNNNNNNNNNNNNNNNNNNNNNNNNNNNNNNNNNNNNNNNNNNNNNNNNNNNNNNNNNNNNNNNNNNNN;GR401010;168976;170680;1704;0;_1530;_1530;_1530;_1530;[260896,260897,260898,260899,260900,260901,260902,260903,260904,260905,260906,260907];168976;170680
95;45900;KV;TNK;NYNNYNNNYNNNNNNYNNNYNNYNYYNNNYNNYNNNYNNYNNNYNNYNNNYNNYNNNYNNYNNNYNNYNNNYNNYNNNYNNYNNNYNNYNNNYNNYNNNYNNYNNNYNNNNNNNYNYNNNYNNYNNNYNNYNNNYNNNNNNYNNYNNNYNNNNNNYNNYNNNNNNNNNNNNNNNNNNNNNNNNNNNNNNNNNNNNNNNNNNNNNNNNNNNNNNNNNNNNNNNNNNNNNNNNNNNNNNNNNNNNNNNYNNYNNNYNNYNNNYNNYNNNYNNYNNNYNNYNNNYNNYNNNYNNYNNNYNNYNNNYNNYNNNYNNYNNNYNNYNNNYNNYNNNYNNYNNNYNNYNNNYNNYNNNYNNYNNNYNNYNN;GR400710;30931;32542;1611;0;_1530;_1530;_1530;_1530;[282619,282620,282621,282622,282623,282624,282625,282626,282627,282628,282629,282630];30931;32542
96;45900;KV;TNK;NNNNNNNNNNNNNNNNNNNNNNNNNNNNNNNNNNNNNNNNNNNNNNNNNNNNNNNNNNNNNNNNNNNNNNNNNNNNNNNNNNNNNNNNNNNNNNNNNNNNNNNNNNNNNNNNNNNNNNNNNNNNNNNNNNNNNNNNNNNNNNNNNNNNNNNNNNNNNNNNNNNNNNNNNNNNNNNNNNNNNNNNNNNNNNNNNNNNNNNNNNNNNNNNNNNNNNNNNNNNNNNNNNNNNNNNNNNYNNNYNNYNNNNNNNNNNNNNNNNNNNNNNNNNNNNNNNNNNNNNNNNNNNNNNNNNNNNNNNNNNNNNNNNNNNNNNNNNNNNNNNNNNNNNNNNNNNNNNNNNNNNNNNNNNNNNNNNNNNNNNNNN;GR400710;41431;43042;1611;0;_1530;_1530;_1530;_1530;[282670,282671,282672,282673,282674,282675,282676,282677,282678,282679,282680,282681];41431;43042
97;45900;KV;TNK;NNNNNNNNNNNNNNNNNNNNNNNNNNNNNNNNNNNNNNNNNNNNNNNNNNNNNNNNNNNNNNNNNNNNNNNNNNNNNNNNNNNNNNNNNNNNNNNNNNNNNNNNNNNNNNNNNNNNNNNNNNNNNNNNNNNNNNNNNNNNNNNNNNNNNNNNNNNNNNNNNNYNNYNNNYNNYNNNYNNYNNNYNNYNNNYNNYNNNYNNYNNNYNNYNNNYNNYNNNYNNYNNNYNNYNNNYNNNNNNNNNNNNNNNNNNNNNNNNNNNNNNNNNNNNNNNNNNNNNNNNNNNNNNNNNNNNNNNNNNNNNNNNNNNNNNNNNNNNNNNNNNNNNNNNNNNNNNNNNNNNNNNNNNNNNNNNNNNNNNNNNNN;GR400710;48600;50314;1714;480;_1530;_1530;_1530;_1530;[282721,282722,282723,282724,282725,282726,282727,282728,282729,282730,282731,282732];48600;50314
98;45903;TNK;KV;NNNNNNNNNNNNNNNNNNNNNNNNNNNNNNNNNNNNNNNNNNNNNNNNNNNNNNNNNNNNNNNNNNNNNNNNNNNNNNNNNNNNNNNNNNNNNNNNNNNNNNNNNNNNNNNNNNNNNNNNNNNNNNNNNNNNNNNNNNNNNNNNNNNNNNNNNNNNNNNNNNYNNYNNNYNNYNNNYNNYNNNYNNNNNNYNNYNNNYNNYNNNYNNYNNNYNNYNNNYNNYNNNYNNYNNNYNNYNNNYNNYNNNNNNNNNNNNNNNNNNNNNNNNNNNNNNNNNNNNNNNNNNNNNNNNNNNNNNNNNNNNNNNNNNNNNNNNNNNNNNNNNNNNNNNNNNNNNNNNNNNNNNNNNNNNNNNNNNNNNNNNN;GR400710;57060;60858;3798;480;_1530;_1530;_1530;_1530;[282803,282804,282805,282806,282807,282808,282809,282810,282811,282812,282813,282814];57060;60858
99;45903;TNK;KV;NYNNYNNNYNNNNNNYNNNYNNYNYYNNNYNNYNNNYNNYNNNYNNYNNNYNNYNNNYNNYNNNYNNYNNNYNNYNNNYNNYNNNYNNYNNNYNNYNNNYNNYNNNYNNNNNNNYNYNNNYNNYNNNYNNYNNNYNNNNNNYNNYNNNYNNNNNNYNNYNNNNNNNNNNNNNNNNNNNNNNNNNNNNNNNNNNNNNNNNNNNNNNNNNNNNNNNNNNNNNNNNNNNNNNNNNNNNNNNNNNNNNNNYNNYNNNYNNYNNNYNNYNNNYNNYNNNYNNYNNNYNNYNNNYNNYNNNYNNYNNNYNNYNNNYNNYNNNYNNYNNNYNNYNNNYNNYNNNYNNYNNNYNNYNNNYNNYNNNYNNYNN;GR400710;46277;48120;1843;0;_1530;_1530;_1530;_1530;[282854,282855,282856,282857,282858,282859,282860,282861,282862,282863,282864,282865];46277;48120